scenario_geography,country_iso,reg_count,country
Africa,DZ,55,Algeria
Africa,AO,55,Angola
Africa,BJ,55,Benin
Africa,BW,55,Botswana
Africa,BF,55,Burkina Faso
Africa,BI,55,Burundi
Africa,CV,55,Cape Verde
Africa,CM,55,Cameroon
Africa,CF,55,Central African Republic
Africa,TD,55,Chad
Africa,KM,55,Comoros
Africa,CI,55,Côte d’Ivoire
Africa,DJ,55,Djibouti
Africa,EG,55,Egypt
Africa,GQ,55,Equatorial Guinea
Africa,ER,55,Eritrea
Africa,ET,55,Ethiopia
Africa,GA,55,Gabon
Africa,GM,55,Gambia
Africa,GH,55,Ghana
Africa,GN,55,Guinea
Africa,GW,55,Guinea-Bissau
Africa,KE,55,Kenya
Africa,LS,55,Lesotho
Africa,LR,55,Liberia
Africa,LY,55,Libya
Africa,MG,55,Madagascar
Africa,MW,55,Malawi
Africa,ML,55,Mali
Africa,MR,55,Mauritania
Africa,MU,55,Mauritius
Africa,MA,55,Morocco
Africa,MZ,55,Mozambique
Africa,NE,55,Niger
Africa,NG,55,Nigeria
Africa,RE,55,Réunion
Africa,RW,55,Rwanda
Africa,ST,55,São Tomé & Príncipe
Africa,SN,55,Senegal
Africa,SC,55,Seychelles
Africa,SL,55,Sierra Leone
Africa,SO,55,Somalia
Africa,ZA,55,South Africa
Africa,SS,55,South Sudan
Africa,SD,55,Sudan
Africa,SZ,55,Eswatini
Africa,CD,55,Congo - Kinshasa
Africa,CG,55,Congo - Brazzaville
Africa,TZ,55,Tanzania
Africa,TG,55,Togo
Africa,TN,55,Tunisia
Africa,UG,55,Uganda
Africa,EH,55,Western Sahara
Africa,ZM,55,Zambia
Africa,ZW,55,Zimbabwe
AfricaWoZA,DZ,54,Algeria
AfricaWoZA,AO,54,Angola
AfricaWoZA,BJ,54,Benin
AfricaWoZA,BW,54,Botswana
AfricaWoZA,BF,54,Burkina Faso
AfricaWoZA,BI,54,Burundi
AfricaWoZA,CV,54,Cape Verde
AfricaWoZA,CM,54,Cameroon
AfricaWoZA,CF,54,Central African Republic
AfricaWoZA,TD,54,Chad
AfricaWoZA,KM,54,Comoros
AfricaWoZA,CI,54,Côte d’Ivoire
AfricaWoZA,DJ,54,Djibouti
AfricaWoZA,EG,54,Egypt
AfricaWoZA,GQ,54,Equatorial Guinea
AfricaWoZA,ER,54,Eritrea
AfricaWoZA,ET,54,Ethiopia
AfricaWoZA,GA,54,Gabon
AfricaWoZA,GM,54,Gambia
AfricaWoZA,GH,54,Ghana
AfricaWoZA,GN,54,Guinea
AfricaWoZA,GW,54,Guinea-Bissau
AfricaWoZA,KE,54,Kenya
AfricaWoZA,LS,54,Lesotho
AfricaWoZA,LR,54,Liberia
AfricaWoZA,LY,54,Libya
AfricaWoZA,MG,54,Madagascar
AfricaWoZA,MW,54,Malawi
AfricaWoZA,ML,54,Mali
AfricaWoZA,MR,54,Mauritania
AfricaWoZA,MU,54,Mauritius
AfricaWoZA,MA,54,Morocco
AfricaWoZA,MZ,54,Mozambique
AfricaWoZA,NE,54,Niger
AfricaWoZA,NG,54,Nigeria
AfricaWoZA,RE,54,Réunion
AfricaWoZA,RW,54,Rwanda
AfricaWoZA,ST,54,São Tomé & Príncipe
AfricaWoZA,SN,54,Senegal
AfricaWoZA,SC,54,Seychelles
AfricaWoZA,SL,54,Sierra Leone
AfricaWoZA,SO,54,Somalia
AfricaWoZA,SS,54,South Sudan
AfricaWoZA,SD,54,Sudan
AfricaWoZA,SZ,54,Eswatini
AfricaWoZA,CD,54,Congo - Kinshasa
AfricaWoZA,CG,54,Congo - Brazzaville
AfricaWoZA,TZ,54,Tanzania
AfricaWoZA,TG,54,Togo
AfricaWoZA,TN,54,Tunisia
AfricaWoZA,UG,54,Uganda
AfricaWoZA,EH,54,Western Sahara
AfricaWoZA,ZM,54,Zambia
AfricaWoZA,ZW,54,Zimbabwe
Algeria&Libya,DZ,2,Algeria
Algeria&Libya,LY,2,Libya
Argentina,AR,1,Argentina
ASEAN,ID,10,Indonesia
ASEAN,BN,10,Brunei
ASEAN,KH,10,Cambodia
ASEAN,LA,10,Laos
ASEAN,MY,10,Malaysia
ASEAN,MM,10,Myanmar (Burma)
ASEAN,PH,10,Philippines
ASEAN,SG,10,Singapore
ASEAN,TH,10,Thailand
ASEAN,VN,10,Vietnam
Asia (R5),AF,27,Afghanistan
Asia (R5),BD,27,Bangladesh
Asia (R5),BT,27,Bhutan
Asia (R5),BN,27,Brunei
Asia (R5),KH,27,Cambodia
Asia (R5),CN,27,China
Asia (R5),HK,27,Hong Kong SAR China
Asia (R5),MO,27,Macao SAR China
Asia (R5),KP,27,North Korea
Asia (R5),TL,27,Timor-Leste
Asia (R5),IN,27,India
Asia (R5),ID,27,Indonesia
Asia (R5),LA,27,Laos
Asia (R5),MY,27,Malaysia
Asia (R5),MV,27,Maldives
Asia (R5),MN,27,Mongolia
Asia (R5),MM,27,Myanmar (Burma)
Asia (R5),NP,27,Nepal
Asia (R5),PK,27,Pakistan
Asia (R5),PG,27,Papua New Guinea
Asia (R5),PH,27,Philippines
Asia (R5),KR,27,South Korea
Asia (R5),SG,27,Singapore
Asia (R5),LK,27,Sri Lanka
Asia (R5),TW,27,Taiwan
Asia (R5),TH,27,Thailand
Asia (R5),VN,27,Vietnam
AsiaPacific,AF,39,Afghanistan
AsiaPacific,AU,39,Australia
AsiaPacific,BD,39,Bangladesh
AsiaPacific,BT,39,Bhutan
AsiaPacific,BN,39,Brunei
AsiaPacific,KH,39,Cambodia
AsiaPacific,CN,39,China
AsiaPacific,CK,39,Cook Islands
AsiaPacific,KP,39,North Korea
AsiaPacific,FJ,39,Fiji
AsiaPacific,PF,39,French Polynesia
AsiaPacific,IN,39,India
AsiaPacific,ID,39,Indonesia
AsiaPacific,JP,39,Japan
AsiaPacific,KI,39,Kiribati
AsiaPacific,LA,39,Laos
AsiaPacific,MO,39,Macao SAR China
AsiaPacific,MY,39,Malaysia
AsiaPacific,MV,39,Maldives
AsiaPacific,MN,39,Mongolia
AsiaPacific,MM,39,Myanmar (Burma)
AsiaPacific,NP,39,Nepal
AsiaPacific,NC,39,New Caledonia
AsiaPacific,NZ,39,New Zealand
AsiaPacific,PK,39,Pakistan
AsiaPacific,PW,39,Palau
AsiaPacific,PG,39,Papua New Guinea
AsiaPacific,PH,39,Philippines
AsiaPacific,WS,39,Samoa
AsiaPacific,SG,39,Singapore
AsiaPacific,SB,39,Solomon Islands
AsiaPacific,KR,39,South Korea
AsiaPacific,LK,39,Sri Lanka
AsiaPacific,TH,39,Thailand
AsiaPacific,TL,39,Timor-Leste
AsiaPacific,TO,39,Tonga
AsiaPacific,VU,39,Vanuatu
AsiaPacific,VN,39,Vietnam
AsiaPacific,HK,39,Hong Kong SAR China
Australia,AU,1,Australia
Brazil,BR,1,Brazil
Canada,CA,1,Canada
Chile,CL,1,Chile
China,CN,2,China
China,HK,2,Hong Kong SAR China
CHN,CN,1,China
EEurope_Eurasia,AL,26,Albania
EEurope_Eurasia,AM,26,Armenia
EEurope_Eurasia,AZ,26,Azerbaijan
EEurope_Eurasia,BY,26,Belarus
EEurope_Eurasia,BA,26,Bosnia & Herzegovina
EEurope_Eurasia,BG,26,Bulgaria
EEurope_Eurasia,HR,26,Croatia
EEurope_Eurasia,CY,26,Cyprus
EEurope_Eurasia,GE,26,Georgia
EEurope_Eurasia,GI,26,Gibraltar
EEurope_Eurasia,KZ,26,Kazakhstan
EEurope_Eurasia,XK,26,Kosovo
EEurope_Eurasia,KG,26,Kyrgyzstan
EEurope_Eurasia,LV,26,Latvia
EEurope_Eurasia,LT,26,Lithuania
EEurope_Eurasia,MT,26,Malta
EEurope_Eurasia,ME,26,Montenegro
EEurope_Eurasia,MK,26,North Macedonia
EEurope_Eurasia,RO,26,Romania
EEurope_Eurasia,RU,26,Russia
EEurope_Eurasia,RS,26,Serbia
EEurope_Eurasia,TJ,26,Tajikistan
EEurope_Eurasia,MD,26,Moldova
EEurope_Eurasia,TM,26,Turkmenistan
EEurope_Eurasia,UA,26,Ukraine
EEurope_Eurasia,UZ,26,Uzbekistan
EEurope_EurasiaWoRU,AL,25,Albania
EEurope_EurasiaWoRU,AM,25,Armenia
EEurope_EurasiaWoRU,AZ,25,Azerbaijan
EEurope_EurasiaWoRU,BY,25,Belarus
EEurope_EurasiaWoRU,BA,25,Bosnia & Herzegovina
EEurope_EurasiaWoRU,BG,25,Bulgaria
EEurope_EurasiaWoRU,HR,25,Croatia
EEurope_EurasiaWoRU,CY,25,Cyprus
EEurope_EurasiaWoRU,GE,25,Georgia
EEurope_EurasiaWoRU,GI,25,Gibraltar
EEurope_EurasiaWoRU,KZ,25,Kazakhstan
EEurope_EurasiaWoRU,XK,25,Kosovo
EEurope_EurasiaWoRU,KG,25,Kyrgyzstan
EEurope_EurasiaWoRU,LV,25,Latvia
EEurope_EurasiaWoRU,LT,25,Lithuania
EEurope_EurasiaWoRU,MT,25,Malta
EEurope_EurasiaWoRU,ME,25,Montenegro
EEurope_EurasiaWoRU,MK,25,North Macedonia
EEurope_EurasiaWoRU,RO,25,Romania
EEurope_EurasiaWoRU,RS,25,Serbia
EEurope_EurasiaWoRU,TJ,25,Tajikistan
EEurope_EurasiaWoRU,MD,25,Moldova
EEurope_EurasiaWoRU,TM,25,Turkmenistan
EEurope_EurasiaWoRU,UA,25,Ukraine
EEurope_EurasiaWoRU,UZ,25,Uzbekistan
EFTA,CH,4,Switzerland
EFTA,NO,4,Norway
EFTA,IS,4,Iceland
EFTA,LI,4,Liechtenstein
EFTA+UK,CH,5,Switzerland
EFTA+UK,NO,5,Norway
EFTA+UK,IS,5,Iceland
EFTA+UK,LI,5,Liechtenstein
EFTA+UK,GB,5,United Kingdom
Egypt,EG,1,Egypt
EU,AT,28,Austria
EU,BE,28,Belgium
EU,BG,28,Bulgaria
EU,HR,28,Croatia
EU,CY,28,Cyprus
EU,CZ,28,Czechia
EU,DK,28,Denmark
EU,EE,28,Estonia
EU,FI,28,Finland
EU,FR,28,France
EU,DE,28,Germany
EU,GR,28,Greece
EU,HU,28,Hungary
EU,IE,28,Ireland
EU,IT,28,Italy
EU,LV,28,Latvia
EU,LT,28,Lithuania
EU,LU,28,Luxembourg
EU,MT,28,Malta
EU,NL,28,Netherlands
EU,PL,28,Poland
EU,PT,28,Portugal
EU,RO,28,Romania
EU,SK,28,Slovakia
EU,SI,28,Slovenia
EU,ES,28,Spain
EU,SE,28,Sweden
EU,GB,28,United Kingdom
EU27,AT,27,Austria
EU27,BE,27,Belgium
EU27,BG,27,Bulgaria
EU27,HR,27,Croatia
EU27,CY,27,Cyprus
EU27,CZ,27,Czechia
EU27,DK,27,Denmark
EU27,EE,27,Estonia
EU27,FI,27,Finland
EU27,FR,27,France
EU27,DE,27,Germany
EU27,GR,27,Greece
EU27,HU,27,Hungary
EU27,IE,27,Ireland
EU27,IT,27,Italy
EU27,LV,27,Latvia
EU27,LT,27,Lithuania
EU27,LU,27,Luxembourg
EU27,MT,27,Malta
EU27,NL,27,Netherlands
EU27,PL,27,Poland
EU27,PT,27,Portugal
EU27,RO,27,Romania
EU27,SK,27,Slovakia
EU27,SI,27,Slovenia
EU27,ES,27,Spain
EU27,SE,27,Sweden
Eurasia,AM,9,Armenia
Eurasia,AZ,9,Azerbaijan
Eurasia,GE,9,Georgia
Eurasia,KZ,9,Kazakhstan
Eurasia,KG,9,Kyrgyzstan
Eurasia,RU,9,Russia
Eurasia,TJ,9,Tajikistan
Eurasia,TM,9,Turkmenistan
Eurasia,UZ,9,Uzbekistan
Europe,AL,44,Albania
Europe,AT,44,Austria
Europe,BY,44,Belarus
Europe,BE,44,Belgium
Europe,BA,44,Bosnia & Herzegovina
Europe,BG,44,Bulgaria
Europe,HR,44,Croatia
Europe,CY,44,Cyprus
Europe,CZ,44,Czechia
Europe,DK,44,Denmark
Europe,EE,44,Estonia
Europe,FI,44,Finland
Europe,FR,44,France
Europe,DE,44,Germany
Europe,GI,44,Gibraltar
Europe,GR,44,Greece
Europe,HU,44,Hungary
Europe,IS,44,Iceland
Europe,IE,44,Ireland
Europe,IL,44,Israel
Europe,IT,44,Italy
Europe,XK,44,Kosovo
Europe,LV,44,Latvia
Europe,LT,44,Lithuania
Europe,LU,44,Luxembourg
Europe,MT,44,Malta
Europe,ME,44,Montenegro
Europe,NL,44,Netherlands
Europe,NO,44,Norway
Europe,PL,44,Poland
Europe,PT,44,Portugal
Europe,MK,44,North Macedonia
Europe,MD,44,Moldova
Europe,RO,44,Romania
Europe,RS,44,Serbia
Europe,SK,44,Slovakia
Europe,SI,44,Slovenia
Europe,ES,44,Spain
Europe,SE,44,Sweden
Europe,CH,44,Switzerland
Europe,TR,44,Turkey
Europe,UA,44,Ukraine
Europe,GB,44,United Kingdom
Europe,RU,44,Russia
IND,IN,1,India
India,IN,1,India
Indonesia,ID,1,Indonesia
Iran,IR,1,Iran
Japan,JP,1,Japan
Latin America (R5),AR,30,Argentina
Latin America (R5),BS,30,Bahamas
Latin America (R5),BB,30,Barbados
Latin America (R5),BZ,30,Belize
Latin America (R5),BO,30,Bolivia
Latin America (R5),BR,30,Brazil
Latin America (R5),CL,30,Chile
Latin America (R5),CO,30,Colombia
Latin America (R5),CR,30,Costa Rica
Latin America (R5),CU,30,Cuba
Latin America (R5),DO,30,Dominican Republic
Latin America (R5),EC,30,Ecuador
Latin America (R5),SV,30,El Salvador
Latin America (R5),GP,30,Guadeloupe
Latin America (R5),GT,30,Guatemala
Latin America (R5),GY,30,Guyana
Latin America (R5),HT,30,Haiti
Latin America (R5),HN,30,Honduras
Latin America (R5),JM,30,Jamaica
Latin America (R5),MQ,30,Martinique
Latin America (R5),MX,30,Mexico
Latin America (R5),NI,30,Nicaragua
Latin America (R5),PA,30,Panama
Latin America (R5),PY,30,Paraguay
Latin America (R5),PE,30,Peru
Latin America (R5),PR,30,Puerto Rico
Latin America (R5),SR,30,Suriname
Latin America (R5),TT,30,Trinidad & Tobago
Latin America (R5),UY,30,Uruguay
Latin America (R5),VE,30,Venezuela
Malaysia,MY,1,Malaysia
MediteraneanMiddleEast,IL,4,Israel
MediteraneanMiddleEast,JO,4,Jordan
MediteraneanMiddleEast,LB,4,Lebanon
MediteraneanMiddleEast,SY,4,Syria
Mexico,MX,1,Mexico
Middle East & Africa (R5),DZ,65,Algeria
Middle East & Africa (R5),AO,65,Angola
Middle East & Africa (R5),BH,65,Bahrain
Middle East & Africa (R5),BJ,65,Benin
Middle East & Africa (R5),BW,65,Botswana
Middle East & Africa (R5),BF,65,Burkina Faso
Middle East & Africa (R5),BI,65,Burundi
Middle East & Africa (R5),CM,65,Cameroon
Middle East & Africa (R5),CV,65,Cape Verde
Middle East & Africa (R5),CF,65,Central African Republic
Middle East & Africa (R5),TD,65,Chad
Middle East & Africa (R5),KM,65,Comoros
Middle East & Africa (R5),CG,65,Congo - Brazzaville
Middle East & Africa (R5),CI,65,Côte d’Ivoire
Middle East & Africa (R5),CD,65,Congo - Kinshasa
Middle East & Africa (R5),DJ,65,Djibouti
Middle East & Africa (R5),EG,65,Egypt
Middle East & Africa (R5),GQ,65,Equatorial Guinea
Middle East & Africa (R5),ER,65,Eritrea
Middle East & Africa (R5),ET,65,Ethiopia
Middle East & Africa (R5),GA,65,Gabon
Middle East & Africa (R5),GM,65,Gambia
Middle East & Africa (R5),GH,65,Ghana
Middle East & Africa (R5),GN,65,Guinea
Middle East & Africa (R5),GW,65,Guinea-Bissau
Middle East & Africa (R5),IR,65,Iran
Middle East & Africa (R5),IQ,65,Iraq
Middle East & Africa (R5),IL,65,Israel
Middle East & Africa (R5),JO,65,Jordan
Middle East & Africa (R5),KE,65,Kenya
Middle East & Africa (R5),KW,65,Kuwait
Middle East & Africa (R5),LB,65,Lebanon
Middle East & Africa (R5),LS,65,Lesotho
Middle East & Africa (R5),LR,65,Liberia
Middle East & Africa (R5),LY,65,Libya
Middle East & Africa (R5),MG,65,Madagascar
Middle East & Africa (R5),MW,65,Malawi
Middle East & Africa (R5),ML,65,Mali
Middle East & Africa (R5),MR,65,Mauritania
Middle East & Africa (R5),MU,65,Mauritius
Middle East & Africa (R5),MA,65,Morocco
Middle East & Africa (R5),MZ,65,Mozambique
Middle East & Africa (R5),NE,65,Niger
Middle East & Africa (R5),NG,65,Nigeria
Middle East & Africa (R5),OM,65,Oman
Middle East & Africa (R5),QA,65,Qatar
Middle East & Africa (R5),RE,65,Réunion
Middle East & Africa (R5),RW,65,Rwanda
Middle East & Africa (R5),SA,65,Saudi Arabia
Middle East & Africa (R5),SN,65,Senegal
Middle East & Africa (R5),SL,65,Sierra Leone
Middle East & Africa (R5),SO,65,Somalia
Middle East & Africa (R5),ZA,65,South Africa
Middle East & Africa (R5),SD,65,Sudan
Middle East & Africa (R5),SZ,65,Eswatini
Middle East & Africa (R5),SY,65,Syria
Middle East & Africa (R5),TG,65,Togo
Middle East & Africa (R5),TN,65,Tunisia
Middle East & Africa (R5),UG,65,Uganda
Middle East & Africa (R5),AE,65,United Arab Emirates
Middle East & Africa (R5),TZ,65,Tanzania
Middle East & Africa (R5),EH,65,Western Sahara
Middle East & Africa (R5),YE,65,Yemen
Middle East & Africa (R5),ZM,65,Zambia
Middle East & Africa (R5),ZW,65,Zimbabwe
MiddleEast,BH,12,Bahrain
MiddleEast,IR,12,Iran
MiddleEast,IQ,12,Iraq
MiddleEast,JO,12,Jordan
MiddleEast,KW,12,Kuwait
MiddleEast,LB,12,Lebanon
MiddleEast,OM,12,Oman
MiddleEast,QA,12,Qatar
MiddleEast,SA,12,Saudi Arabia
MiddleEast,SY,12,Syria
MiddleEast,AE,12,United Arab Emirates
MiddleEast,YE,12,Yemen
Morocco&Tunisia,MA,2,Morocco
Morocco&Tunisia,TN,2,Tunisia
NewZealand,NZ,1,New Zealand
NonOECDAsia,BD,34,Bangladesh
NonOECDAsia,AF,34,Afghanistan
NonOECDAsia,BT,34,Bhutan
NonOECDAsia,BN,34,Brunei
NonOECDAsia,KH,34,Cambodia
NonOECDAsia,CN,34,China
NonOECDAsia,CK,34,Cook Islands
NonOECDAsia,KP,34,North Korea
NonOECDAsia,FJ,34,Fiji
NonOECDAsia,PF,34,French Polynesia
NonOECDAsia,IN,34,India
NonOECDAsia,ID,34,Indonesia
NonOECDAsia,KI,34,Kiribati
NonOECDAsia,LA,34,Laos
NonOECDAsia,MO,34,Macao SAR China
NonOECDAsia,MY,34,Malaysia
NonOECDAsia,MV,34,Maldives
NonOECDAsia,MN,34,Mongolia
NonOECDAsia,MM,34,Myanmar (Burma)
NonOECDAsia,NP,34,Nepal
NonOECDAsia,NC,34,New Caledonia
NonOECDAsia,PK,34,Pakistan
NonOECDAsia,PW,34,Palau
NonOECDAsia,PG,34,Papua New Guinea
NonOECDAsia,PH,34,Philippines
NonOECDAsia,WS,34,Samoa
NonOECDAsia,SG,34,Singapore
NonOECDAsia,SB,34,Solomon Islands
NonOECDAsia,LK,34,Sri Lanka
NonOECDAsia,TH,34,Thailand
NonOECDAsia,TL,34,Timor-Leste
NonOECDAsia,TO,34,Tonga
NonOECDAsia,VU,34,Vanuatu
NonOECDAsia,VN,34,Vietnam
NonOECDAsiaRest,BD,32,Bangladesh
NonOECDAsiaRest,AF,32,Afghanistan
NonOECDAsiaRest,BT,32,Bhutan
NonOECDAsiaRest,BN,32,Brunei
NonOECDAsiaRest,KH,32,Cambodia
NonOECDAsiaRest,CK,32,Cook Islands
NonOECDAsiaRest,KP,32,North Korea
NonOECDAsiaRest,FJ,32,Fiji
NonOECDAsiaRest,PF,32,French Polynesia
NonOECDAsiaRest,ID,32,Indonesia
NonOECDAsiaRest,KI,32,Kiribati
NonOECDAsiaRest,LA,32,Laos
NonOECDAsiaRest,MO,32,Macao SAR China
NonOECDAsiaRest,MY,32,Malaysia
NonOECDAsiaRest,MV,32,Maldives
NonOECDAsiaRest,MN,32,Mongolia
NonOECDAsiaRest,MM,32,Myanmar (Burma)
NonOECDAsiaRest,NP,32,Nepal
NonOECDAsiaRest,NC,32,New Caledonia
NonOECDAsiaRest,PK,32,Pakistan
NonOECDAsiaRest,PW,32,Palau
NonOECDAsiaRest,PG,32,Papua New Guinea
NonOECDAsiaRest,PH,32,Philippines
NonOECDAsiaRest,WS,32,Samoa
NonOECDAsiaRest,SG,32,Singapore
NonOECDAsiaRest,SB,32,Solomon Islands
NonOECDAsiaRest,LK,32,Sri Lanka
NonOECDAsiaRest,TH,32,Thailand
NonOECDAsiaRest,TL,32,Timor-Leste
NonOECDAsiaRest,TO,32,Tonga
NonOECDAsiaRest,VU,32,Vanuatu
NonOECDAsiaRest,VN,32,Vietnam
NorthAmerica,CA,3,Canada
NorthAmerica,MX,3,Mexico
NorthAmerica,US,3,United States
NorthAmericaExUS,CA,2,Canada
NorthAmericaExUS,MX,2,Mexico
OECD,AT,34,Austria
OECD,BE,34,Belgium
OECD,CZ,34,Czechia
OECD,DK,34,Denmark
OECD,EE,34,Estonia
OECD,FI,34,Finland
OECD,FR,34,France
OECD,DE,34,Germany
OECD,GR,34,Greece
OECD,HU,34,Hungary
OECD,IS,34,Iceland
OECD,IE,34,Ireland
OECD,IT,34,Italy
OECD,LU,34,Luxembourg
OECD,NL,34,Netherlands
OECD,NO,34,Norway
OECD,PL,34,Poland
OECD,PT,34,Portugal
OECD,SK,34,Slovakia
OECD,SI,34,Slovenia
OECD,ES,34,Spain
OECD,SE,34,Sweden
OECD,CH,34,Switzerland
OECD,TR,34,Turkey
OECD,GB,34,United Kingdom
OECD,IL,34,Israel
OECD,CA,34,Canada
OECD,CL,34,Chile
OECD,MX,34,Mexico
OECD,US,34,United States
OECD,AU,34,Australia
OECD,JP,34,Japan
OECD,KR,34,South Korea
OECD,NZ,34,New Zealand
OECD & EU (R5),AL,49,Albania
OECD & EU (R5),AU,49,Australia
OECD & EU (R5),AT,49,Austria
OECD & EU (R5),BE,49,Belgium
OECD & EU (R5),BA,49,Bosnia & Herzegovina
OECD & EU (R5),BG,49,Bulgaria
OECD & EU (R5),CA,49,Canada
OECD & EU (R5),HR,49,Croatia
OECD & EU (R5),CY,49,Cyprus
OECD & EU (R5),CZ,49,Czechia
OECD & EU (R5),DK,49,Denmark
OECD & EU (R5),EE,49,Estonia
OECD & EU (R5),FJ,49,Fiji
OECD & EU (R5),FI,49,Finland
OECD & EU (R5),FR,49,France
OECD & EU (R5),PF,49,French Polynesia
OECD & EU (R5),DE,49,Germany
OECD & EU (R5),GR,49,Greece
OECD & EU (R5),GU,49,Guam
OECD & EU (R5),HU,49,Hungary
OECD & EU (R5),IS,49,Iceland
OECD & EU (R5),IE,49,Ireland
OECD & EU (R5),IT,49,Italy
OECD & EU (R5),JP,49,Japan
OECD & EU (R5),LV,49,Latvia
OECD & EU (R5),LT,49,Lithuania
OECD & EU (R5),LU,49,Luxembourg
OECD & EU (R5),MT,49,Malta
OECD & EU (R5),MK,49,North Macedonia
OECD & EU (R5),ME,49,Montenegro
OECD & EU (R5),NL,49,Netherlands
OECD & EU (R5),NC,49,New Caledonia
OECD & EU (R5),NZ,49,New Zealand
OECD & EU (R5),NO,49,Norway
OECD & EU (R5),PL,49,Poland
OECD & EU (R5),PT,49,Portugal
OECD & EU (R5),RO,49,Romania
OECD & EU (R5),WS,49,Samoa
OECD & EU (R5),RS,49,Serbia
OECD & EU (R5),SK,49,Slovakia
OECD & EU (R5),SI,49,Slovenia
OECD & EU (R5),SB,49,Solomon Islands
OECD & EU (R5),ES,49,Spain
OECD & EU (R5),SE,49,Sweden
OECD & EU (R5),CH,49,Switzerland
OECD & EU (R5),TR,49,Turkey
OECD & EU (R5),GB,49,United Kingdom
OECD & EU (R5),US,49,United States
OECD & EU (R5),VU,49,Vanuatu
OECDAmericas,CA,4,Canada
OECDAmericas,CL,4,Chile
OECDAmericas,MX,4,Mexico
OECDAmericas,US,4,United States
OECDAmericasWoUS,CA,3,Canada
OECDAmericasWoUS,CL,3,Chile
OECDAmericasWoUS,MX,3,Mexico
OECDAsiaOceania,AU,4,Australia
OECDAsiaOceania,JP,4,Japan
OECDAsiaOceania,KR,4,South Korea
OECDAsiaOceania,NZ,4,New Zealand
OECDAsiaOceaniaWoJP,AU,3,Australia
OECDAsiaOceaniaWoJP,KR,3,South Korea
OECDAsiaOceaniaWoJP,NZ,3,New Zealand
OECDEurope,AT,26,Austria
OECDEurope,BE,26,Belgium
OECDEurope,CZ,26,Czechia
OECDEurope,DK,26,Denmark
OECDEurope,EE,26,Estonia
OECDEurope,FI,26,Finland
OECDEurope,FR,26,France
OECDEurope,DE,26,Germany
OECDEurope,GR,26,Greece
OECDEurope,HU,26,Hungary
OECDEurope,IS,26,Iceland
OECDEurope,IE,26,Ireland
OECDEurope,IT,26,Italy
OECDEurope,LU,26,Luxembourg
OECDEurope,NL,26,Netherlands
OECDEurope,NO,26,Norway
OECDEurope,PL,26,Poland
OECDEurope,PT,26,Portugal
OECDEurope,SK,26,Slovakia
OECDEurope,SI,26,Slovenia
OECDEurope,ES,26,Spain
OECDEurope,SE,26,Sweden
OECDEurope,CH,26,Switzerland
OECDEurope,TR,26,Turkey
OECDEurope,GB,26,United Kingdom
OECDEurope,IL,26,Israel
OtherCIS,AM,9,Armenia
OtherCIS,AZ,9,Azerbaijan
OtherCIS,BY,9,Belarus
OtherCIS,GE,9,Georgia
OtherCIS,KZ,9,Kazakhstan
OtherCIS,KG,9,Kyrgyzstan
OtherCIS,TJ,9,Tajikistan
OtherCIS,TM,9,Turkmenistan
OtherCIS,UZ,9,Uzbekistan
OthersBalkans,AL,7,Albania
OthersBalkans,BA,7,Bosnia & Herzegovina
OthersBalkans,XK,7,Kosovo
OthersBalkans,MK,7,North Macedonia
OthersBalkans,MD,7,Moldova
OthersBalkans,ME,7,Montenegro
OthersBalkans,RS,7,Serbia
Reforming Economies (R5),AM,12,Armenia
Reforming Economies (R5),AZ,12,Azerbaijan
Reforming Economies (R5),BY,12,Belarus
Reforming Economies (R5),GE,12,Georgia
Reforming Economies (R5),KZ,12,Kazakhstan
Reforming Economies (R5),KG,12,Kyrgyzstan
Reforming Economies (R5),MD,12,Moldova
Reforming Economies (R5),RU,12,Russia
Reforming Economies (R5),TJ,12,Tajikistan
Reforming Economies (R5),TM,12,Turkmenistan
Reforming Economies (R5),UA,12,Ukraine
Reforming Economies (R5),UZ,12,Uzbekistan
RestCentralAmerica,BS,21,Bahamas
RestCentralAmerica,BB,21,Barbados
RestCentralAmerica,BZ,21,Belize
RestCentralAmerica,BM,21,Bermuda
RestCentralAmerica,CR,21,Costa Rica
RestCentralAmerica,CU,21,Cuba
RestCentralAmerica,DM,21,Dominica
RestCentralAmerica,DO,21,Dominican Republic
RestCentralAmerica,SV,21,El Salvador
RestCentralAmerica,GD,21,Grenada
RestCentralAmerica,GT,21,Guatemala
RestCentralAmerica,HT,21,Haiti
RestCentralAmerica,HN,21,Honduras
RestCentralAmerica,JM,21,Jamaica
RestCentralAmerica,NI,21,Nicaragua
RestCentralAmerica,AW,21,Aruba
RestCentralAmerica,PA,21,Panama
RestCentralAmerica,ST,21,São Tomé & Príncipe
RestCentralAmerica,LC,21,St. Lucia
RestCentralAmerica,VC,21,St. Vincent & Grenadines
RestCentralAmerica,TT,21,Trinidad & Tobago
RestGulf,BH,7,Bahrain
RestGulf,IQ,7,Iraq
RestGulf,KW,7,Kuwait
RestGulf,OM,7,Oman
RestGulf,QA,7,Qatar
RestGulf,AE,7,United Arab Emirates
RestGulf,YE,7,Yemen
RestPacific,FJ,7,Fiji
RestPacific,KI,7,Kiribati
RestPacific,PG,7,Papua New Guinea
RestPacific,WS,7,Samoa
RestPacific,SB,7,Solomon Islands
RestPacific,TO,7,Tonga
RestPacific,VU,7,Vanuatu
RestSouthAmerica,BO,9,Bolivia
RestSouthAmerica,CO,9,Colombia
RestSouthAmerica,EC,9,Ecuador
RestSouthAmerica,GY,9,Guyana
RestSouthAmerica,PY,9,Paraguay
RestSouthAmerica,PE,9,Peru
RestSouthAmerica,SR,9,Suriname
RestSouthAmerica,UY,9,Uruguay
RestSouthAmerica,VE,9,Venezuela
RestSouthAsia,AF,8,Afghanistan
RestSouthAsia,BD,8,Bangladesh
RestSouthAsia,BT,8,Bhutan
RestSouthAsia,MV,8,Maldives
RestSouthAsia,NP,8,Nepal
RestSouthAsia,PK,8,Pakistan
RestSouthAsia,SC,8,Seychelles
RestSouthAsia,LK,8,Sri Lanka
RestSouthEastAsia,BN,8,Brunei
RestSouthEastAsia,KH,8,Cambodia
RestSouthEastAsia,LA,8,Laos
RestSouthEastAsia,MN,8,Mongolia
RestSouthEastAsia,MM,8,Myanmar (Burma)
RestSouthEastAsia,KP,8,North Korea
RestSouthEastAsia,SG,8,Singapore
RestSouthEastAsia,TW,8,Taiwan
RestSubSaharanAfrica,BF,43,Burkina Faso
RestSubSaharanAfrica,BI,43,Burundi
RestSubSaharanAfrica,CM,43,Cameroon
RestSubSaharanAfrica,CV,43,Cape Verde
RestSubSaharanAfrica,CF,43,Central African Republic
RestSubSaharanAfrica,TD,43,Chad
RestSubSaharanAfrica,KM,43,Comoros
RestSubSaharanAfrica,CG,43,Congo - Brazzaville
RestSubSaharanAfrica,CD,43,Congo - Kinshasa
RestSubSaharanAfrica,CI,43,Côte d’Ivoire
RestSubSaharanAfrica,DJ,43,Djibouti
RestSubSaharanAfrica,GQ,43,Equatorial Guinea
RestSubSaharanAfrica,ER,43,Eritrea
RestSubSaharanAfrica,ET,43,Ethiopia
RestSubSaharanAfrica,GA,43,Gabon
RestSubSaharanAfrica,GM,43,Gambia
RestSubSaharanAfrica,GH,43,Ghana
RestSubSaharanAfrica,GN,43,Guinea
RestSubSaharanAfrica,GW,43,Guinea-Bissau
RestSubSaharanAfrica,KE,43,Kenya
RestSubSaharanAfrica,LS,43,Lesotho
RestSubSaharanAfrica,LR,43,Liberia
RestSubSaharanAfrica,MG,43,Madagascar
RestSubSaharanAfrica,MW,43,Malawi
RestSubSaharanAfrica,ML,43,Mali
RestSubSaharanAfrica,MR,43,Mauritania
RestSubSaharanAfrica,MU,43,Mauritius
RestSubSaharanAfrica,MZ,43,Mozambique
RestSubSaharanAfrica,NE,43,Niger
RestSubSaharanAfrica,NG,43,Nigeria
RestSubSaharanAfrica,RW,43,Rwanda
RestSubSaharanAfrica,SN,43,Senegal
RestSubSaharanAfrica,SL,43,Sierra Leone
RestSubSaharanAfrica,SO,43,Somalia
RestSubSaharanAfrica,SD,43,Sudan
RestSubSaharanAfrica,SZ,43,Eswatini
RestSubSaharanAfrica,TZ,43,Tanzania
RestSubSaharanAfrica,TG,43,Togo
RestSubSaharanAfrica,UG,43,Uganda
RestSubSaharanAfrica,ZM,43,Zambia
RestSubSaharanAfrica,AO,43,Angola
RestSubSaharanAfrica,BJ,43,Benin
RestSubSaharanAfrica,BW,43,Botswana
SaudiArabia,SA,1,Saudi Arabia
SouthAfrica,ZA,1,South Africa
SouthKorea,KR,1,South Korea
Thailand,TH,1,Thailand
Turkey,TR,1,Turkey
UK,GB,1,United Kingdom
Ukraine,UA,1,Ukraine
US,US,1,United States
USA,US,1,United States
Vietnam,VN,1,Vietnam
AdvancedEconomies,SG,41,Singapore
AdvancedEconomies,AU,41,Australia
AdvancedEconomies,JP,41,Japan
AdvancedEconomies,NZ,41,New Zealand
AdvancedEconomies,CA,41,Canada
AdvancedEconomies,HR,41,Croatia
AdvancedEconomies,CY,41,Cyprus
AdvancedEconomies,LV,41,Latvia
AdvancedEconomies,LT,41,Lithuania
AdvancedEconomies,MT,41,Malta
AdvancedEconomies,CH,41,Switzerland
AdvancedEconomies,NO,41,Norway
AdvancedEconomies,IS,41,Iceland
AdvancedEconomies,GB,41,United Kingdom
AdvancedEconomies,AT,41,Austria
AdvancedEconomies,BE,41,Belgium
AdvancedEconomies,CZ,41,Czechia
AdvancedEconomies,DK,41,Denmark
AdvancedEconomies,EE,41,Estonia
AdvancedEconomies,FI,41,Finland
AdvancedEconomies,FR,41,France
AdvancedEconomies,DE,41,Germany
AdvancedEconomies,GR,41,Greece
AdvancedEconomies,IE,41,Ireland
AdvancedEconomies,IT,41,Italy
AdvancedEconomies,LU,41,Luxembourg
AdvancedEconomies,PT,41,Portugal
AdvancedEconomies,SI,41,Slovenia
AdvancedEconomies,ES,41,Spain
AdvancedEconomies,SE,41,Sweden
AdvancedEconomies,IL,41,Israel
AdvancedEconomies,AD,41,Andorra
AdvancedEconomies,PR,41,Puerto Rico
AdvancedEconomies,US,41,United States
AdvancedEconomies,SM,41,San Marino
AdvancedEconomies,KR,41,South Korea
AdvancedEconomies,HK,41,Hong Kong SAR China
AdvancedEconomies,MO,41,Macao SAR China
AdvancedEconomies,NL,41,Netherlands
AdvancedEconomies,SK,41,Slovakia
AdvancedEconomies,TW,41,Taiwan
Emergingmarket&developingeconomies,DZ,147,Algeria
Emergingmarket&developingeconomies,AO,147,Angola
Emergingmarket&developingeconomies,BJ,147,Benin
Emergingmarket&developingeconomies,BW,147,Botswana
Emergingmarket&developingeconomies,BF,147,Burkina Faso
Emergingmarket&developingeconomies,BI,147,Burundi
Emergingmarket&developingeconomies,CM,147,Cameroon
Emergingmarket&developingeconomies,TD,147,Chad
Emergingmarket&developingeconomies,KM,147,Comoros
Emergingmarket&developingeconomies,DJ,147,Djibouti
Emergingmarket&developingeconomies,EG,147,Egypt
Emergingmarket&developingeconomies,GQ,147,Equatorial Guinea
Emergingmarket&developingeconomies,ER,147,Eritrea
Emergingmarket&developingeconomies,ET,147,Ethiopia
Emergingmarket&developingeconomies,GA,147,Gabon
Emergingmarket&developingeconomies,GH,147,Ghana
Emergingmarket&developingeconomies,GN,147,Guinea
Emergingmarket&developingeconomies,KE,147,Kenya
Emergingmarket&developingeconomies,LS,147,Lesotho
Emergingmarket&developingeconomies,LR,147,Liberia
Emergingmarket&developingeconomies,LY,147,Libya
Emergingmarket&developingeconomies,MG,147,Madagascar
Emergingmarket&developingeconomies,MW,147,Malawi
Emergingmarket&developingeconomies,ML,147,Mali
Emergingmarket&developingeconomies,MR,147,Mauritania
Emergingmarket&developingeconomies,MU,147,Mauritius
Emergingmarket&developingeconomies,MA,147,Morocco
Emergingmarket&developingeconomies,MZ,147,Mozambique
Emergingmarket&developingeconomies,NE,147,Niger
Emergingmarket&developingeconomies,NG,147,Nigeria
Emergingmarket&developingeconomies,RW,147,Rwanda
Emergingmarket&developingeconomies,SN,147,Senegal
Emergingmarket&developingeconomies,SC,147,Seychelles
Emergingmarket&developingeconomies,SL,147,Sierra Leone
Emergingmarket&developingeconomies,SO,147,Somalia
Emergingmarket&developingeconomies,ZA,147,South Africa
Emergingmarket&developingeconomies,SS,147,South Sudan
Emergingmarket&developingeconomies,SD,147,Sudan
Emergingmarket&developingeconomies,TG,147,Togo
Emergingmarket&developingeconomies,TN,147,Tunisia
Emergingmarket&developingeconomies,UG,147,Uganda
Emergingmarket&developingeconomies,ZM,147,Zambia
Emergingmarket&developingeconomies,ZW,147,Zimbabwe
Emergingmarket&developingeconomies,AR,147,Argentina
Emergingmarket&developingeconomies,ID,147,Indonesia
Emergingmarket&developingeconomies,BN,147,Brunei
Emergingmarket&developingeconomies,KH,147,Cambodia
Emergingmarket&developingeconomies,MY,147,Malaysia
Emergingmarket&developingeconomies,MM,147,Myanmar (Burma)
Emergingmarket&developingeconomies,PH,147,Philippines
Emergingmarket&developingeconomies,TH,147,Thailand
Emergingmarket&developingeconomies,VN,147,Vietnam
Emergingmarket&developingeconomies,AF,147,Afghanistan
Emergingmarket&developingeconomies,BD,147,Bangladesh
Emergingmarket&developingeconomies,BT,147,Bhutan
Emergingmarket&developingeconomies,CN,147,China
Emergingmarket&developingeconomies,IN,147,India
Emergingmarket&developingeconomies,MV,147,Maldives
Emergingmarket&developingeconomies,MN,147,Mongolia
Emergingmarket&developingeconomies,NP,147,Nepal
Emergingmarket&developingeconomies,PK,147,Pakistan
Emergingmarket&developingeconomies,PG,147,Papua New Guinea
Emergingmarket&developingeconomies,LK,147,Sri Lanka
Emergingmarket&developingeconomies,FJ,147,Fiji
Emergingmarket&developingeconomies,KI,147,Kiribati
Emergingmarket&developingeconomies,PW,147,Palau
Emergingmarket&developingeconomies,WS,147,Samoa
Emergingmarket&developingeconomies,SB,147,Solomon Islands
Emergingmarket&developingeconomies,TO,147,Tonga
Emergingmarket&developingeconomies,VU,147,Vanuatu
Emergingmarket&developingeconomies,BR,147,Brazil
Emergingmarket&developingeconomies,CL,147,Chile
Emergingmarket&developingeconomies,AL,147,Albania
Emergingmarket&developingeconomies,AM,147,Armenia
Emergingmarket&developingeconomies,AZ,147,Azerbaijan
Emergingmarket&developingeconomies,BY,147,Belarus
Emergingmarket&developingeconomies,BG,147,Bulgaria
Emergingmarket&developingeconomies,GE,147,Georgia
Emergingmarket&developingeconomies,KZ,147,Kazakhstan
Emergingmarket&developingeconomies,RS,147,Serbia
Emergingmarket&developingeconomies,ME,147,Montenegro
Emergingmarket&developingeconomies,RO,147,Romania
Emergingmarket&developingeconomies,TJ,147,Tajikistan
Emergingmarket&developingeconomies,TM,147,Turkmenistan
Emergingmarket&developingeconomies,UA,147,Ukraine
Emergingmarket&developingeconomies,UZ,147,Uzbekistan
Emergingmarket&developingeconomies,HU,147,Hungary
Emergingmarket&developingeconomies,PL,147,Poland
Emergingmarket&developingeconomies,RU,147,Russia
Emergingmarket&developingeconomies,AW,147,Aruba
Emergingmarket&developingeconomies,BH,147,Bahrain
Emergingmarket&developingeconomies,BB,147,Barbados
Emergingmarket&developingeconomies,BZ,147,Belize
Emergingmarket&developingeconomies,BO,147,Bolivia
Emergingmarket&developingeconomies,CO,147,Colombia
Emergingmarket&developingeconomies,CR,147,Costa Rica
Emergingmarket&developingeconomies,DM,147,Dominica
Emergingmarket&developingeconomies,DO,147,Dominican Republic
Emergingmarket&developingeconomies,EC,147,Ecuador
Emergingmarket&developingeconomies,SV,147,El Salvador
Emergingmarket&developingeconomies,GD,147,Grenada
Emergingmarket&developingeconomies,GT,147,Guatemala
Emergingmarket&developingeconomies,GY,147,Guyana
Emergingmarket&developingeconomies,HT,147,Haiti
Emergingmarket&developingeconomies,HN,147,Honduras
Emergingmarket&developingeconomies,IQ,147,Iraq
Emergingmarket&developingeconomies,JM,147,Jamaica
Emergingmarket&developingeconomies,JO,147,Jordan
Emergingmarket&developingeconomies,KW,147,Kuwait
Emergingmarket&developingeconomies,LB,147,Lebanon
Emergingmarket&developingeconomies,MH,147,Marshall Islands
Emergingmarket&developingeconomies,MX,147,Mexico
Emergingmarket&developingeconomies,NI,147,Nicaragua
Emergingmarket&developingeconomies,OM,147,Oman
Emergingmarket&developingeconomies,PA,147,Panama
Emergingmarket&developingeconomies,PY,147,Paraguay
Emergingmarket&developingeconomies,PE,147,Peru
Emergingmarket&developingeconomies,QA,147,Qatar
Emergingmarket&developingeconomies,CG,147,Congo - Brazzaville
Emergingmarket&developingeconomies,SA,147,Saudi Arabia
Emergingmarket&developingeconomies,SR,147,Suriname
Emergingmarket&developingeconomies,TT,147,Trinidad & Tobago
Emergingmarket&developingeconomies,TV,147,Tuvalu
Emergingmarket&developingeconomies,UY,147,Uruguay
Emergingmarket&developingeconomies,VE,147,Venezuela
Emergingmarket&developingeconomies,YE,147,Yemen
Emergingmarket&developingeconomies,IR,147,Iran
Emergingmarket&developingeconomies,SY,147,Syria
Emergingmarket&developingeconomies,TZ,147,Tanzania
Emergingmarket&developingeconomies,NR,147,Nauru
Emergingmarket&developingeconomies,MD,147,Moldova
Emergingmarket&developingeconomies,GW,147,Guinea-Bissau
Emergingmarket&developingeconomies,AG,147,Antigua & Barbuda
Emergingmarket&developingeconomies,BS,147,Bahamas
Emergingmarket&developingeconomies,BA,147,Bosnia & Herzegovina
Emergingmarket&developingeconomies,CV,147,Cape Verde
Emergingmarket&developingeconomies,CF,147,Central African Republic
Emergingmarket&developingeconomies,CD,147,Congo - Kinshasa
Emergingmarket&developingeconomies,CI,147,Côte d’Ivoire
Emergingmarket&developingeconomies,KG,147,Kyrgyzstan
Emergingmarket&developingeconomies,GM,147,Gambia
Emergingmarket&developingeconomies,LA,147,Laos
Emergingmarket&developingeconomies,MK,147,North Macedonia
Emergingmarket&developingeconomies,FM,147,Micronesia (Federated States of)
Emergingmarket&developingeconomies,ST,147,São Tomé & Príncipe
Emergingmarket&developingeconomies,TR,147,Turkey
Emergingmarket&developingeconomies,AE,147,United Arab Emirates
AUS,AU,1,Australia
BRA,BR,1,Brazil
CAN,CA,1,Canada
CSA,AR,27,Argentina
CSA,CL,27,Chile
CSA,BZ,27,Belize
CSA,CO,27,Colombia
CSA,CR,27,Costa Rica
CSA,CU,27,Cuba
CSA,DO,27,Dominican Republic
CSA,EC,27,Ecuador
CSA,SV,27,El Salvador
CSA,GF,27,French Guiana
CSA,GT,27,Guatemala
CSA,GY,27,Guyana
CSA,HT,27,Haiti
CSA,HN,27,Honduras
CSA,JM,27,Jamaica
CSA,MX,27,Mexico
CSA,NI,27,Nicaragua
CSA,PA,27,Panama
CSA,PY,27,Paraguay
CSA,PE,27,Peru
CSA,SR,27,Suriname
CSA,TT,27,Trinidad & Tobago
CSA,UY,27,Uruguay
CSA,BO,27,Bolivia
CSA,VE,27,Venezuela
CSA,AW,27,Aruba
CSA,CW,27,Curaçao
EEU,BG,11,Bulgaria
EEU,HR,11,Croatia
EEU,LV,11,Latvia
EEU,LT,11,Lithuania
EEU,RO,11,Romania
EEU,CZ,11,Czechia
EEU,EE,11,Estonia
EEU,HU,11,Hungary
EEU,PL,11,Poland
EEU,SI,11,Slovenia
EEU,SK,11,Slovakia
EURA,MN,17,Mongolia
EURA,AL,17,Albania
EURA,AM,17,Armenia
EURA,AZ,17,Azerbaijan
EURA,BY,17,Belarus
EURA,BA,17,Bosnia & Herzegovina
EURA,GE,17,Georgia
EURA,KZ,17,Kazakhstan
EURA,RS,17,Serbia
EURA,KG,17,Kyrgyzstan
EURA,ME,17,Montenegro
EURA,TJ,17,Tajikistan
EURA,MD,17,Moldova
EURA,TM,17,Turkmenistan
EURA,UA,17,Ukraine
EURA,UZ,17,Uzbekistan
EURA,MK,17,North Macedonia
GBR,GB,1,United Kingdom
GCC,BH,6,Bahrain
GCC,KW,6,Kuwait
GCC,OM,6,Oman
GCC,QA,6,Qatar
GCC,SA,6,Saudi Arabia
GCC,AE,6,United Arab Emirates
IDN,IN,1,India
JPN,JP,1,Japan
KOR,KR,1,South Korea
MENA,DZ,15,Algeria
MENA,EG,15,Egypt
MENA,ER,15,Eritrea
MENA,LY,15,Libya
MENA,MA,15,Morocco
MENA,SD,15,Sudan
MENA,TN,15,Tunisia
MENA,IL,15,Israel
MENA,TR,15,Turkey
MENA,IQ,15,Iraq
MENA,JO,15,Jordan
MENA,LB,15,Lebanon
MENA,SY,15,Syria
MENA,YE,15,Yemen
MENA,IR,15,Iran
RUS,RU,1,Russia
SA,BD,4,Bangladesh
SA,NP,4,Nepal
SA,PK,4,Pakistan
SA,LK,4,Sri Lanka
SEAO,BN,13,Brunei
SEAO,KH,13,Cambodia
SEAO,LA,13,Laos
SEAO,MY,13,Malaysia
SEAO,MM,13,Myanmar (Burma)
SEAO,PH,13,Philippines
SEAO,SG,13,Singapore
SEAO,TH,13,Thailand
SEAO,KR,13,South Korea
SEAO,KP,13,North Korea
SEAO,NZ,13,New Zealand
SEAO,VN,13,Vietnam
SEAO,TW,13,Taiwan
SSA,AO,21,Angola
SSA,BJ,21,Benin
SSA,BW,21,Botswana
SSA,CM,21,Cameroon
SSA,GQ,21,Equatorial Guinea
SSA,ET,21,Ethiopia
SSA,GA,21,Gabon
SSA,GH,21,Ghana
SSA,KE,21,Kenya
SSA,MU,21,Mauritius
SSA,MZ,21,Mozambique
SSA,NE,21,Niger
SSA,NG,21,Nigeria
SSA,SN,21,Senegal
SSA,SS,21,South Sudan
SSA,CD,21,Congo - Kinshasa
SSA,TZ,21,Tanzania
SSA,TG,21,Togo
SSA,ZM,21,Zambia
SSA,ZW,21,Zimbabwe
SSA,CI,21,Côte d’Ivoire
WEU,CY,21,Cyprus
WEU,GI,21,Gibraltar
WEU,MT,21,Malta
WEU,CH,21,Switzerland
WEU,NO,21,Norway
WEU,IS,21,Iceland
WEU,AT,21,Austria
WEU,BE,21,Belgium
WEU,DK,21,Denmark
WEU,FI,21,Finland
WEU,FR,21,France
WEU,DE,21,Germany
WEU,GR,21,Greece
WEU,IE,21,Ireland
WEU,IT,21,Italy
WEU,LU,21,Luxembourg
WEU,NL,21,Netherlands
WEU,PT,21,Portugal
WEU,ES,21,Spain
WEU,SE,21,Sweden
WEU,GL,21,Greenland
ZAF,ZA,1,South Africa
Advanced economies,SG,41,Singapore
Advanced economies,AU,41,Australia
Advanced economies,JP,41,Japan
Advanced economies,NZ,41,New Zealand
Advanced economies,CA,41,Canada
Advanced economies,HR,41,Croatia
Advanced economies,CY,41,Cyprus
Advanced economies,LV,41,Latvia
Advanced economies,LT,41,Lithuania
Advanced economies,MT,41,Malta
Advanced economies,CH,41,Switzerland
Advanced economies,NO,41,Norway
Advanced economies,IS,41,Iceland
Advanced economies,GB,41,United Kingdom
Advanced economies,AT,41,Austria
Advanced economies,BE,41,Belgium
Advanced economies,CZ,41,Czechia
Advanced economies,DK,41,Denmark
Advanced economies,EE,41,Estonia
Advanced economies,FI,41,Finland
Advanced economies,FR,41,France
Advanced economies,DE,41,Germany
Advanced economies,GR,41,Greece
Advanced economies,IE,41,Ireland
Advanced economies,IT,41,Italy
Advanced economies,LU,41,Luxembourg
Advanced economies,PT,41,Portugal
Advanced economies,SI,41,Slovenia
Advanced economies,ES,41,Spain
Advanced economies,SE,41,Sweden
Advanced economies,IL,41,Israel
Advanced economies,AD,41,Andorra
Advanced economies,PR,41,Puerto Rico
Advanced economies,US,41,United States
Advanced economies,SM,41,San Marino
Advanced economies,KR,41,South Korea
Advanced economies,HK,41,Hong Kong SAR China
Advanced economies,MO,41,Macao SAR China
Advanced economies,NL,41,Netherlands
Advanced economies,SK,41,Slovakia
Advanced economies,TW,41,Taiwan
Advanced Economies,SG,41,Singapore
Advanced Economies,AU,41,Australia
Advanced Economies,JP,41,Japan
Advanced Economies,NZ,41,New Zealand
Advanced Economies,CA,41,Canada
Advanced Economies,HR,41,Croatia
Advanced Economies,CY,41,Cyprus
Advanced Economies,LV,41,Latvia
Advanced Economies,LT,41,Lithuania
Advanced Economies,MT,41,Malta
Advanced Economies,CH,41,Switzerland
Advanced Economies,NO,41,Norway
Advanced Economies,IS,41,Iceland
Advanced Economies,GB,41,United Kingdom
Advanced Economies,AT,41,Austria
Advanced Economies,BE,41,Belgium
Advanced Economies,CZ,41,Czechia
Advanced Economies,DK,41,Denmark
Advanced Economies,EE,41,Estonia
Advanced Economies,FI,41,Finland
Advanced Economies,FR,41,France
Advanced Economies,DE,41,Germany
Advanced Economies,GR,41,Greece
Advanced Economies,IE,41,Ireland
Advanced Economies,IT,41,Italy
Advanced Economies,LU,41,Luxembourg
Advanced Economies,PT,41,Portugal
Advanced Economies,SI,41,Slovenia
Advanced Economies,ES,41,Spain
Advanced Economies,SE,41,Sweden
Advanced Economies,IL,41,Israel
Advanced Economies,AD,41,Andorra
Advanced Economies,PR,41,Puerto Rico
Advanced Economies,US,41,United States
Advanced Economies,SM,41,San Marino
Advanced Economies,KR,41,South Korea
Advanced Economies,HK,41,Hong Kong SAR China
Advanced Economies,MO,41,Macao SAR China
Advanced Economies,NL,41,Netherlands
Advanced Economies,SK,41,Slovakia
Advanced Economies,TW,41,Taiwan
Asia Pacific,AF,39,Afghanistan
Asia Pacific,AU,39,Australia
Asia Pacific,BD,39,Bangladesh
Asia Pacific,BT,39,Bhutan
Asia Pacific,BN,39,Brunei
Asia Pacific,KH,39,Cambodia
Asia Pacific,CN,39,China
Asia Pacific,CK,39,Cook Islands
Asia Pacific,KP,39,North Korea
Asia Pacific,FJ,39,Fiji
Asia Pacific,PF,39,French Polynesia
Asia Pacific,IN,39,India
Asia Pacific,ID,39,Indonesia
Asia Pacific,JP,39,Japan
Asia Pacific,KI,39,Kiribati
Asia Pacific,LA,39,Laos
Asia Pacific,MO,39,Macao SAR China
Asia Pacific,MY,39,Malaysia
Asia Pacific,MV,39,Maldives
Asia Pacific,MN,39,Mongolia
Asia Pacific,MM,39,Myanmar (Burma)
Asia Pacific,NP,39,Nepal
Asia Pacific,NC,39,New Caledonia
Asia Pacific,NZ,39,New Zealand
Asia Pacific,PK,39,Pakistan
Asia Pacific,PW,39,Palau
Asia Pacific,PG,39,Papua New Guinea
Asia Pacific,PH,39,Philippines
Asia Pacific,WS,39,Samoa
Asia Pacific,SG,39,Singapore
Asia Pacific,SB,39,Solomon Islands
Asia Pacific,KR,39,South Korea
Asia Pacific,LK,39,Sri Lanka
Asia Pacific,TH,39,Thailand
Asia Pacific,TL,39,Timor-Leste
Asia Pacific,TO,39,Tonga
Asia Pacific,VU,39,Vanuatu
Asia Pacific,VN,39,Vietnam
Asia Pacific,HK,39,Hong Kong SAR China
Emerging market and developing economies,DZ,147,Algeria
Emerging market and developing economies,AO,147,Angola
Emerging market and developing economies,BJ,147,Benin
Emerging market and developing economies,BW,147,Botswana
Emerging market and developing economies,BF,147,Burkina Faso
Emerging market and developing economies,BI,147,Burundi
Emerging market and developing economies,CM,147,Cameroon
Emerging market and developing economies,TD,147,Chad
Emerging market and developing economies,KM,147,Comoros
Emerging market and developing economies,DJ,147,Djibouti
Emerging market and developing economies,EG,147,Egypt
Emerging market and developing economies,GQ,147,Equatorial Guinea
Emerging market and developing economies,ER,147,Eritrea
Emerging market and developing economies,ET,147,Ethiopia
Emerging market and developing economies,GA,147,Gabon
Emerging market and developing economies,GH,147,Ghana
Emerging market and developing economies,GN,147,Guinea
Emerging market and developing economies,KE,147,Kenya
Emerging market and developing economies,LS,147,Lesotho
Emerging market and developing economies,LR,147,Liberia
Emerging market and developing economies,LY,147,Libya
Emerging market and developing economies,MG,147,Madagascar
Emerging market and developing economies,MW,147,Malawi
Emerging market and developing economies,ML,147,Mali
Emerging market and developing economies,MR,147,Mauritania
Emerging market and developing economies,MU,147,Mauritius
Emerging market and developing economies,MA,147,Morocco
Emerging market and developing economies,MZ,147,Mozambique
Emerging market and developing economies,NE,147,Niger
Emerging market and developing economies,NG,147,Nigeria
Emerging market and developing economies,RW,147,Rwanda
Emerging market and developing economies,SN,147,Senegal
Emerging market and developing economies,SC,147,Seychelles
Emerging market and developing economies,SL,147,Sierra Leone
Emerging market and developing economies,SO,147,Somalia
Emerging market and developing economies,ZA,147,South Africa
Emerging market and developing economies,SS,147,South Sudan
Emerging market and developing economies,SD,147,Sudan
Emerging market and developing economies,TG,147,Togo
Emerging market and developing economies,TN,147,Tunisia
Emerging market and developing economies,UG,147,Uganda
Emerging market and developing economies,ZM,147,Zambia
Emerging market and developing economies,ZW,147,Zimbabwe
Emerging market and developing economies,AR,147,Argentina
Emerging market and developing economies,ID,147,Indonesia
Emerging market and developing economies,BN,147,Brunei
Emerging market and developing economies,KH,147,Cambodia
Emerging market and developing economies,MY,147,Malaysia
Emerging market and developing economies,MM,147,Myanmar (Burma)
Emerging market and developing economies,PH,147,Philippines
Emerging market and developing economies,TH,147,Thailand
Emerging market and developing economies,VN,147,Vietnam
Emerging market and developing economies,AF,147,Afghanistan
Emerging market and developing economies,BD,147,Bangladesh
Emerging market and developing economies,BT,147,Bhutan
Emerging market and developing economies,CN,147,China
Emerging market and developing economies,IN,147,India
Emerging market and developing economies,MV,147,Maldives
Emerging market and developing economies,MN,147,Mongolia
Emerging market and developing economies,NP,147,Nepal
Emerging market and developing economies,PK,147,Pakistan
Emerging market and developing economies,PG,147,Papua New Guinea
Emerging market and developing economies,LK,147,Sri Lanka
Emerging market and developing economies,FJ,147,Fiji
Emerging market and developing economies,KI,147,Kiribati
Emerging market and developing economies,PW,147,Palau
Emerging market and developing economies,WS,147,Samoa
Emerging market and developing economies,SB,147,Solomon Islands
Emerging market and developing economies,TO,147,Tonga
Emerging market and developing economies,VU,147,Vanuatu
Emerging market and developing economies,BR,147,Brazil
Emerging market and developing economies,CL,147,Chile
Emerging market and developing economies,AL,147,Albania
Emerging market and developing economies,AM,147,Armenia
Emerging market and developing economies,AZ,147,Azerbaijan
Emerging market and developing economies,BY,147,Belarus
Emerging market and developing economies,BG,147,Bulgaria
Emerging market and developing economies,GE,147,Georgia
Emerging market and developing economies,KZ,147,Kazakhstan
Emerging market and developing economies,RS,147,Serbia
Emerging market and developing economies,ME,147,Montenegro
Emerging market and developing economies,RO,147,Romania
Emerging market and developing economies,TJ,147,Tajikistan
Emerging market and developing economies,TM,147,Turkmenistan
Emerging market and developing economies,UA,147,Ukraine
Emerging market and developing economies,UZ,147,Uzbekistan
Emerging market and developing economies,HU,147,Hungary
Emerging market and developing economies,PL,147,Poland
Emerging market and developing economies,RU,147,Russia
Emerging market and developing economies,AW,147,Aruba
Emerging market and developing economies,BH,147,Bahrain
Emerging market and developing economies,BB,147,Barbados
Emerging market and developing economies,BZ,147,Belize
Emerging market and developing economies,BO,147,Bolivia
Emerging market and developing economies,CO,147,Colombia
Emerging market and developing economies,CR,147,Costa Rica
Emerging market and developing economies,DM,147,Dominica
Emerging market and developing economies,DO,147,Dominican Republic
Emerging market and developing economies,EC,147,Ecuador
Emerging market and developing economies,SV,147,El Salvador
Emerging market and developing economies,GD,147,Grenada
Emerging market and developing economies,GT,147,Guatemala
Emerging market and developing economies,GY,147,Guyana
Emerging market and developing economies,HT,147,Haiti
Emerging market and developing economies,HN,147,Honduras
Emerging market and developing economies,IQ,147,Iraq
Emerging market and developing economies,JM,147,Jamaica
Emerging market and developing economies,JO,147,Jordan
Emerging market and developing economies,KW,147,Kuwait
Emerging market and developing economies,LB,147,Lebanon
Emerging market and developing economies,MH,147,Marshall Islands
Emerging market and developing economies,MX,147,Mexico
Emerging market and developing economies,NI,147,Nicaragua
Emerging market and developing economies,OM,147,Oman
Emerging market and developing economies,PA,147,Panama
Emerging market and developing economies,PY,147,Paraguay
Emerging market and developing economies,PE,147,Peru
Emerging market and developing economies,QA,147,Qatar
Emerging market and developing economies,CG,147,Congo - Brazzaville
Emerging market and developing economies,SA,147,Saudi Arabia
Emerging market and developing economies,SR,147,Suriname
Emerging market and developing economies,TT,147,Trinidad & Tobago
Emerging market and developing economies,TV,147,Tuvalu
Emerging market and developing economies,UY,147,Uruguay
Emerging market and developing economies,VE,147,Venezuela
Emerging market and developing economies,YE,147,Yemen
Emerging market and developing economies,IR,147,Iran
Emerging market and developing economies,SY,147,Syria
Emerging market and developing economies,TZ,147,Tanzania
Emerging market and developing economies,NR,147,Nauru
Emerging market and developing economies,MD,147,Moldova
Emerging market and developing economies,GW,147,Guinea-Bissau
Emerging market and developing economies,AG,147,Antigua & Barbuda
Emerging market and developing economies,BS,147,Bahamas
Emerging market and developing economies,BA,147,Bosnia & Herzegovina
Emerging market and developing economies,CV,147,Cape Verde
Emerging market and developing economies,CF,147,Central African Republic
Emerging market and developing economies,CD,147,Congo - Kinshasa
Emerging market and developing economies,CI,147,Côte d’Ivoire
Emerging market and developing economies,KG,147,Kyrgyzstan
Emerging market and developing economies,GM,147,Gambia
Emerging market and developing economies,LA,147,Laos
Emerging market and developing economies,MK,147,North Macedonia
Emerging market and developing economies,FM,147,Micronesia (Federated States of)
Emerging market and developing economies,ST,147,São Tomé & Príncipe
Emerging market and developing economies,TR,147,Turkey
Emerging market and developing economies,AE,147,United Arab Emirates
European Union,AT,28,Austria
European Union,BE,28,Belgium
European Union,BG,28,Bulgaria
European Union,HR,28,Croatia
European Union,CY,28,Cyprus
European Union,CZ,28,Czechia
European Union,DK,28,Denmark
European Union,EE,28,Estonia
European Union,FI,28,Finland
European Union,FR,28,France
European Union,DE,28,Germany
European Union,GR,28,Greece
European Union,HU,28,Hungary
European Union,IE,28,Ireland
European Union,IT,28,Italy
European Union,LV,28,Latvia
European Union,LT,28,Lithuania
European Union,LU,28,Luxembourg
European Union,MT,28,Malta
European Union,NL,28,Netherlands
European Union,PL,28,Poland
European Union,PT,28,Portugal
European Union,RO,28,Romania
European Union,SK,28,Slovakia
European Union,SI,28,Slovenia
European Union,ES,28,Spain
European Union,SE,28,Sweden
European Union,GB,28,United Kingdom
Middle East,BH,12,Bahrain
Middle East,IR,12,Iran
Middle East,IQ,12,Iraq
Middle East,JO,12,Jordan
Middle East,KW,12,Kuwait
Middle East,LB,12,Lebanon
Middle East,OM,12,Oman
Middle East,QA,12,Qatar
Middle East,SA,12,Saudi Arabia
Middle East,SY,12,Syria
Middle East,AE,12,United Arab Emirates
Middle East,YE,12,Yemen
United States,US,1,United States
North America,CA,3,Canada
North America,MX,3,Mexico
North America,US,3,United States
South Africa,ZA,1,South Africa
Global,AF,249,Afghanistan
Global,AL,249,Albania
Global,DZ,249,Algeria
Global,AS,249,American Samoa
Global,AD,249,Andorra
Global,AO,249,Angola
Global,AI,249,Anguilla
Global,AG,249,Antigua & Barbuda
Global,AR,249,Argentina
Global,AM,249,Armenia
Global,AW,249,Aruba
Global,AU,249,Australia
Global,AT,249,Austria
Global,AZ,249,Azerbaijan
Global,BS,249,Bahamas
Global,BH,249,Bahrain
Global,BD,249,Bangladesh
Global,BB,249,Barbados
Global,BY,249,Belarus
Global,BE,249,Belgium
Global,BZ,249,Belize
Global,BJ,249,Benin
Global,BM,249,Bermuda
Global,BT,249,Bhutan
Global,BO,249,Bolivia
Global,BA,249,Bosnia & Herzegovina
Global,BW,249,Botswana
Global,BR,249,Brazil
Global,VG,249,British Virgin Islands
Global,BN,249,Brunei
Global,BG,249,Bulgaria
Global,BF,249,Burkina Faso
Global,BI,249,Burundi
Global,KH,249,Cambodia
Global,CM,249,Cameroon
Global,CA,249,Canada
Global,CV,249,Cape Verde
Global,KY,249,Cayman Islands
Global,TD,249,Chad
Global,CL,249,Chile
Global,CN,249,China
Global,CO,249,Colombia
Global,CK,249,Cook Islands
Global,CR,249,Costa Rica
Global,HR,249,Croatia
Global,CU,249,Cuba
Global,CW,249,Curaçao
Global,CY,249,Cyprus
Global,CZ,249,Czechia
Global,KP,249,North Korea
Global,CD,249,Congo - Kinshasa
Global,DK,249,Denmark
Global,DJ,249,Djibouti
Global,DM,249,Dominica
Global,DO,249,Dominican Republic
Global,EC,249,Ecuador
Global,EG,249,Egypt
Global,SV,249,El Salvador
Global,GQ,249,Equatorial Guinea
Global,ER,249,Eritrea
Global,EE,249,Estonia
Global,ET,249,Ethiopia
Global,FO,249,Faroe Islands
Global,FJ,249,Fiji
Global,FI,249,Finland
Global,FR,249,France
Global,GF,249,French Guiana
Global,PF,249,French Polynesia
Global,GA,249,Gabon
Global,GM,249,Gambia
Global,GE,249,Georgia
Global,DE,249,Germany
Global,GH,249,Ghana
Global,GI,249,Gibraltar
Global,GR,249,Greece
Global,GL,249,Greenland
Global,GD,249,Grenada
Global,GP,249,Guadeloupe
Global,GU,249,Guam
Global,GT,249,Guatemala
Global,GG,249,Guernsey
Global,GN,249,Guinea
Global,GW,249,Guinea-Bissau
Global,GY,249,Guyana
Global,HT,249,Haiti
Global,HN,249,Honduras
Global,HK,249,Hong Kong SAR China
Global,HU,249,Hungary
Global,IS,249,Iceland
Global,IN,249,India
Global,ID,249,Indonesia
Global,IR,249,Iran
Global,IQ,249,Iraq
Global,IE,249,Ireland
Global,MR,249,Mauritania
Global,IM,249,Isle of Man
Global,IL,249,Israel
Global,IT,249,Italy
Global,CI,249,Côte d’Ivoire
Global,JM,249,Jamaica
Global,JP,249,Japan
Global,JE,249,Jersey
Global,JO,249,Jordan
Global,KZ,249,Kazakhstan
Global,KE,249,Kenya
Global,KI,249,Kiribati
Global,XK,249,Kosovo
Global,KW,249,Kuwait
Global,KG,249,Kyrgyzstan
Global,LA,249,Laos
Global,LV,249,Latvia
Global,LB,249,Lebanon
Global,LS,249,Lesotho
Global,LR,249,Liberia
Global,LY,249,Libya
Global,LT,249,Lithuania
Global,LU,249,Luxembourg
Global,MO,249,Macao SAR China
Global,MG,249,Madagascar
Global,MW,249,Malawi
Global,MY,249,Malaysia
Global,MV,249,Maldives
Global,ML,249,Mali
Global,MT,249,Malta
Global,MH,249,Marshall Islands
Global,MQ,249,Martinique
Global,MU,249,Mauritius
Global,YT,249,Mayotte
Global,MX,249,Mexico
Global,FM,249,Micronesia (Federated States of)
Global,MN,249,Mongolia
Global,ME,249,Montenegro
Global,MA,249,Morocco
Global,MZ,249,Mozambique
Global,MM,249,Myanmar (Burma)
Global,NP,249,Nepal
Global,NL,249,Netherlands
Global,NC,249,New Caledonia
Global,NZ,249,New Zealand
Global,NI,249,Nicaragua
Global,NE,249,Niger
Global,NG,249,Nigeria
Global,NO,249,Norway
Global,OM,249,Oman
Global,PK,249,Pakistan
Global,PW,249,Palau
Global,PA,249,Panama
Global,PG,249,Papua New Guinea
Global,PY,249,Paraguay
Global,PE,249,Peru
Global,PH,249,Philippines
Global,PL,249,Poland
Global,PT,249,Portugal
Global,PR,249,Puerto Rico
Global,QA,249,Qatar
Global,CG,249,Congo - Brazzaville
Global,KR,249,South Korea
Global,MK,249,North Macedonia
Global,MD,249,Moldova
Global,RE,249,Réunion
Global,RO,249,Romania
Global,RU,249,Russia
Global,RW,249,Rwanda
Global,WS,249,Samoa
Global,SA,249,Saudi Arabia
Global,SN,249,Senegal
Global,RS,249,Serbia
Global,SC,249,Seychelles
Global,SL,249,Sierra Leone
Global,SG,249,Singapore
Global,SK,249,Slovakia
Global,SI,249,Slovenia
Global,SB,249,Solomon Islands
Global,SO,249,Somalia
Global,ZA,249,South Africa
Global,ES,249,Spain
Global,LK,249,Sri Lanka
Global,SD,249,Sudan
Global,SR,249,Suriname
Global,SZ,249,Eswatini
Global,SE,249,Sweden
Global,CH,249,Switzerland
Global,SY,249,Syria
Global,TW,249,Taiwan
Global,TJ,249,Tajikistan
Global,TH,249,Thailand
Global,TL,249,Timor-Leste
Global,TG,249,Togo
Global,TK,249,Tokelau
Global,TO,249,Tonga
Global,TT,249,Trinidad & Tobago
Global,TN,249,Tunisia
Global,TR,249,Turkey
Global,TM,249,Turkmenistan
Global,TV,249,Tuvalu
Global,UG,249,Uganda
Global,UA,249,Ukraine
Global,AE,249,United Arab Emirates
Global,GB,249,United Kingdom
Global,TZ,249,Tanzania
Global,US,249,United States
Global,UY,249,Uruguay
Global,UZ,249,Uzbekistan
Global,VU,249,Vanuatu
Global,VE,249,Venezuela
Global,VN,249,Vietnam
Global,VI,249,U.S. Virgin Islands
Global,YE,249,Yemen
Global,ZM,249,Zambia
Global,ZW,249,Zimbabwe
Global,KM,249,Comoros
Global,FK,249,Falkland Islands
Global,SS,249,South Sudan
Global,BL,249,St. Barthélemy
Global,SH,249,St. Helena
Global,KN,249,St. Kitts & Nevis
Global,LC,249,St. Lucia
Global,PM,249,St. Pierre & Miquelon
Global,VC,249,St. Vincent & Grenadines
Global,MF,249,Saint Martin (French part)
Global,AQ,249,Antarctica
Global,BQ,249,Caribbean Netherlands
Global,BV,249,Bouvet Island
Global,IO,249,British Indian Ocean Territory
Global,CF,249,Central African Republic
Global,CX,249,Christmas Island
Global,CC,249,Cocos (Keeling) Islands
Global,TF,249,French Southern Territories
Global,HM,249,Heard & McDonald Islands
Global,VA,249,Vatican City
Global,LI,249,Liechtenstein
Global,MC,249,Monaco
Global,MS,249,Montserrat
Global,NR,249,Nauru
Global,NU,249,Niue
Global,NF,249,Norfolk Island
Global,MP,249,Northern Mariana Islands
Global,PS,249,NA
Global,PN,249,Pitcairn Islands
Global,SM,249,San Marino
Global,ST,249,São Tomé & Príncipe
Global,SX,249,Sint Maarten
Global,GS,249,South Georgia & South Sandwich Islands
Global,SJ,249,Svalbard & Jan Mayen
Global,TC,249,Turks & Caicos Islands
Global,UM,249,United States Minor Outlying Islands (the)
Global,WF,249,Wallis & Futuna
Global,EH,249,Western Sahara
Global,AX,249,Åland Islands
LatinAmerica,AG,45,Antigua & Barbuda
LatinAmerica,AR,45,Argentina
LatinAmerica,AW,45,Aruba
LatinAmerica,BS,45,Bahamas
LatinAmerica,BB,45,Barbados
LatinAmerica,BZ,45,Belize
LatinAmerica,BM,45,Bermuda
LatinAmerica,BO,45,Bolivia
LatinAmerica,BQ,45,Caribbean Netherlands
LatinAmerica,BR,45,Brazil
LatinAmerica,VG,45,British Virgin Islands
LatinAmerica,TC,45,Turks & Caicos Islands
LatinAmerica,KY,45,Cayman Islands
LatinAmerica,CO,45,Colombia
LatinAmerica,CR,45,Costa Rica
LatinAmerica,CU,45,Cuba
LatinAmerica,CW,45,Curaçao
LatinAmerica,DM,45,Dominica
LatinAmerica,DO,45,Dominican Republic
LatinAmerica,EC,45,Ecuador
LatinAmerica,SV,45,El Salvador
LatinAmerica,FK,45,Falkland Islands
LatinAmerica,GF,45,French Guiana
LatinAmerica,GD,45,Grenada
LatinAmerica,GP,45,Guadeloupe
LatinAmerica,GT,45,Guatemala
LatinAmerica,GY,45,Guyana
LatinAmerica,HT,45,Haiti
LatinAmerica,HN,45,Honduras
LatinAmerica,JM,45,Jamaica
LatinAmerica,MQ,45,Martinique
LatinAmerica,MS,45,Montserrat
LatinAmerica,NI,45,Nicaragua
LatinAmerica,PA,45,Panama
LatinAmerica,PY,45,Paraguay
LatinAmerica,PE,45,Peru
LatinAmerica,KN,45,St. Kitts & Nevis
LatinAmerica,LC,45,St. Lucia
LatinAmerica,MF,45,Saint Martin (French part)
LatinAmerica,VC,45,St. Vincent & Grenadines
LatinAmerica,SR,45,Suriname
LatinAmerica,TT,45,Trinidad & Tobago
LatinAmerica,UY,45,Uruguay
LatinAmerica,VE,45,Venezuela
LatinAmerica,CL,45,Chile
LatinAmericaExBrazil,AG,43,Antigua & Barbuda
LatinAmericaExBrazil,AR,43,Argentina
LatinAmericaExBrazil,AW,43,Aruba
LatinAmericaExBrazil,BS,43,Bahamas
LatinAmericaExBrazil,BB,43,Barbados
LatinAmericaExBrazil,BZ,43,Belize
LatinAmericaExBrazil,BM,43,Bermuda
LatinAmericaExBrazil,BO,43,Bolivia
LatinAmericaExBrazil,BQ,43,Caribbean Netherlands
LatinAmericaExBrazil,VG,43,British Virgin Islands
LatinAmericaExBrazil,TC,43,Turks & Caicos Islands
LatinAmericaExBrazil,KY,43,Cayman Islands
LatinAmericaExBrazil,CO,43,Colombia
LatinAmericaExBrazil,CR,43,Costa Rica
LatinAmericaExBrazil,CU,43,Cuba
LatinAmericaExBrazil,CW,43,Curaçao
LatinAmericaExBrazil,DM,43,Dominica
LatinAmericaExBrazil,DO,43,Dominican Republic
LatinAmericaExBrazil,EC,43,Ecuador
LatinAmericaExBrazil,SV,43,El Salvador
LatinAmericaExBrazil,FK,43,Falkland Islands
LatinAmericaExBrazil,GF,43,French Guiana
LatinAmericaExBrazil,GD,43,Grenada
LatinAmericaExBrazil,GP,43,Guadeloupe
LatinAmericaExBrazil,GT,43,Guatemala
LatinAmericaExBrazil,GY,43,Guyana
LatinAmericaExBrazil,HT,43,Haiti
LatinAmericaExBrazil,HN,43,Honduras
LatinAmericaExBrazil,JM,43,Jamaica
LatinAmericaExBrazil,MQ,43,Martinique
LatinAmericaExBrazil,MS,43,Montserrat
LatinAmericaExBrazil,NI,43,Nicaragua
LatinAmericaExBrazil,PA,43,Panama
LatinAmericaExBrazil,PY,43,Paraguay
LatinAmericaExBrazil,PE,43,Peru
LatinAmericaExBrazil,KN,43,St. Kitts & Nevis
LatinAmericaExBrazil,LC,43,St. Lucia
LatinAmericaExBrazil,MF,43,Saint Martin (French part)
LatinAmericaExBrazil,VC,43,St. Vincent & Grenadines
LatinAmericaExBrazil,SR,43,Suriname
LatinAmericaExBrazil,TT,43,Trinidad & Tobago
LatinAmericaExBrazil,UY,43,Uruguay
LatinAmericaExBrazil,VE,43,Venezuela
NonOECD,AF,216,Afghanistan
NonOECD,AL,216,Albania
NonOECD,DZ,216,Algeria
NonOECD,AS,216,American Samoa
NonOECD,AD,216,Andorra
NonOECD,AO,216,Angola
NonOECD,AI,216,Anguilla
NonOECD,AG,216,Antigua & Barbuda
NonOECD,AR,216,Argentina
NonOECD,AM,216,Armenia
NonOECD,AW,216,Aruba
NonOECD,AZ,216,Azerbaijan
NonOECD,BS,216,Bahamas
NonOECD,BH,216,Bahrain
NonOECD,BD,216,Bangladesh
NonOECD,BB,216,Barbados
NonOECD,BY,216,Belarus
NonOECD,BZ,216,Belize
NonOECD,BJ,216,Benin
NonOECD,BM,216,Bermuda
NonOECD,BT,216,Bhutan
NonOECD,BO,216,Bolivia
NonOECD,BA,216,Bosnia & Herzegovina
NonOECD,BW,216,Botswana
NonOECD,BR,216,Brazil
NonOECD,VG,216,British Virgin Islands
NonOECD,BN,216,Brunei
NonOECD,BG,216,Bulgaria
NonOECD,BF,216,Burkina Faso
NonOECD,BI,216,Burundi
NonOECD,KH,216,Cambodia
NonOECD,CM,216,Cameroon
NonOECD,CV,216,Cape Verde
NonOECD,KY,216,Cayman Islands
NonOECD,TD,216,Chad
NonOECD,CN,216,China
NonOECD,CO,216,Colombia
NonOECD,CK,216,Cook Islands
NonOECD,CR,216,Costa Rica
NonOECD,HR,216,Croatia
NonOECD,CU,216,Cuba
NonOECD,CW,216,Curaçao
NonOECD,CY,216,Cyprus
NonOECD,CD,216,Congo - Kinshasa
NonOECD,DJ,216,Djibouti
NonOECD,DM,216,Dominica
NonOECD,DO,216,Dominican Republic
NonOECD,EC,216,Ecuador
NonOECD,EG,216,Egypt
NonOECD,SV,216,El Salvador
NonOECD,GQ,216,Equatorial Guinea
NonOECD,ER,216,Eritrea
NonOECD,ET,216,Ethiopia
NonOECD,FO,216,Faroe Islands
NonOECD,FJ,216,Fiji
NonOECD,GF,216,French Guiana
NonOECD,PF,216,French Polynesia
NonOECD,GA,216,Gabon
NonOECD,GM,216,Gambia
NonOECD,GE,216,Georgia
NonOECD,GH,216,Ghana
NonOECD,GI,216,Gibraltar
NonOECD,GL,216,Greenland
NonOECD,GD,216,Grenada
NonOECD,GP,216,Guadeloupe
NonOECD,GU,216,Guam
NonOECD,GT,216,Guatemala
NonOECD,GG,216,Guernsey
NonOECD,GN,216,Guinea
NonOECD,GW,216,Guinea-Bissau
NonOECD,GY,216,Guyana
NonOECD,HT,216,Haiti
NonOECD,HN,216,Honduras
NonOECD,HK,216,Hong Kong SAR China
NonOECD,IN,216,India
NonOECD,ID,216,Indonesia
NonOECD,IR,216,Iran
NonOECD,IQ,216,Iraq
NonOECD,MR,216,Mauritania
NonOECD,IM,216,Isle of Man
NonOECD,CI,216,Côte d’Ivoire
NonOECD,JM,216,Jamaica
NonOECD,JE,216,Jersey
NonOECD,JO,216,Jordan
NonOECD,KZ,216,Kazakhstan
NonOECD,KE,216,Kenya
NonOECD,KI,216,Kiribati
NonOECD,XK,216,Kosovo
NonOECD,KW,216,Kuwait
NonOECD,KG,216,Kyrgyzstan
NonOECD,LA,216,Laos
NonOECD,LV,216,Latvia
NonOECD,LB,216,Lebanon
NonOECD,LS,216,Lesotho
NonOECD,LR,216,Liberia
NonOECD,LY,216,Libya
NonOECD,LT,216,Lithuania
NonOECD,MO,216,Macao SAR China
NonOECD,MG,216,Madagascar
NonOECD,MW,216,Malawi
NonOECD,MY,216,Malaysia
NonOECD,MV,216,Maldives
NonOECD,ML,216,Mali
NonOECD,MT,216,Malta
NonOECD,MH,216,Marshall Islands
NonOECD,MQ,216,Martinique
NonOECD,MU,216,Mauritius
NonOECD,YT,216,Mayotte
NonOECD,FM,216,Micronesia (Federated States of)
NonOECD,MN,216,Mongolia
NonOECD,ME,216,Montenegro
NonOECD,MA,216,Morocco
NonOECD,MZ,216,Mozambique
NonOECD,MM,216,Myanmar (Burma)
NonOECD,NP,216,Nepal
NonOECD,NC,216,New Caledonia
NonOECD,NI,216,Nicaragua
NonOECD,NE,216,Niger
NonOECD,NG,216,Nigeria
NonOECD,OM,216,Oman
NonOECD,PK,216,Pakistan
NonOECD,PW,216,Palau
NonOECD,PA,216,Panama
NonOECD,PG,216,Papua New Guinea
NonOECD,PY,216,Paraguay
NonOECD,PE,216,Peru
NonOECD,PH,216,Philippines
NonOECD,PR,216,Puerto Rico
NonOECD,QA,216,Qatar
NonOECD,CG,216,Congo - Brazzaville
NonOECD,KR,216,South Korea
NonOECD,MK,216,North Macedonia
NonOECD,MD,216,Moldova
NonOECD,RE,216,Réunion
NonOECD,RO,216,Romania
NonOECD,RU,216,Russia
NonOECD,RW,216,Rwanda
NonOECD,WS,216,Samoa
NonOECD,SA,216,Saudi Arabia
NonOECD,SN,216,Senegal
NonOECD,RS,216,Serbia
NonOECD,SC,216,Seychelles
NonOECD,SL,216,Sierra Leone
NonOECD,SG,216,Singapore
NonOECD,SB,216,Solomon Islands
NonOECD,SO,216,Somalia
NonOECD,ZA,216,South Africa
NonOECD,LK,216,Sri Lanka
NonOECD,SD,216,Sudan
NonOECD,SR,216,Suriname
NonOECD,SZ,216,Eswatini
NonOECD,SY,216,Syria
NonOECD,TW,216,Taiwan
NonOECD,TJ,216,Tajikistan
NonOECD,TH,216,Thailand
NonOECD,TL,216,Timor-Leste
NonOECD,TG,216,Togo
NonOECD,TK,216,Tokelau
NonOECD,TO,216,Tonga
NonOECD,TT,216,Trinidad & Tobago
NonOECD,TN,216,Tunisia
NonOECD,TM,216,Turkmenistan
NonOECD,TV,216,Tuvalu
NonOECD,UG,216,Uganda
NonOECD,UA,216,Ukraine
NonOECD,AE,216,United Arab Emirates
NonOECD,TZ,216,Tanzania
NonOECD,UY,216,Uruguay
NonOECD,UZ,216,Uzbekistan
NonOECD,VU,216,Vanuatu
NonOECD,VE,216,Venezuela
NonOECD,VN,216,Vietnam
NonOECD,VI,216,U.S. Virgin Islands
NonOECD,YE,216,Yemen
NonOECD,ZM,216,Zambia
NonOECD,ZW,216,Zimbabwe
NonOECD,KM,216,Comoros
NonOECD,FK,216,Falkland Islands
NonOECD,SS,216,South Sudan
NonOECD,BL,216,St. Barthélemy
NonOECD,SH,216,St. Helena
NonOECD,KN,216,St. Kitts & Nevis
NonOECD,LC,216,St. Lucia
NonOECD,PM,216,St. Pierre & Miquelon
NonOECD,VC,216,St. Vincent & Grenadines
NonOECD,MF,216,Saint Martin (French part)
NonOECD,AQ,216,Antarctica
NonOECD,BQ,216,Caribbean Netherlands
NonOECD,BV,216,Bouvet Island
NonOECD,IO,216,British Indian Ocean Territory
NonOECD,CF,216,Central African Republic
NonOECD,CX,216,Christmas Island
NonOECD,CC,216,Cocos (Keeling) Islands
NonOECD,TF,216,French Southern Territories
NonOECD,HM,216,Heard & McDonald Islands
NonOECD,VA,216,Vatican City
NonOECD,KP,216,North Korea
NonOECD,LI,216,Liechtenstein
NonOECD,MC,216,Monaco
NonOECD,MS,216,Montserrat
NonOECD,NR,216,Nauru
NonOECD,NU,216,Niue
NonOECD,NF,216,Norfolk Island
NonOECD,MP,216,Northern Mariana Islands
NonOECD,PS,216,NA
NonOECD,PN,216,Pitcairn Islands
NonOECD,SM,216,San Marino
NonOECD,ST,216,São Tomé & Príncipe
NonOECD,SX,216,Sint Maarten
NonOECD,GS,216,South Georgia & South Sandwich Islands
NonOECD,SJ,216,Svalbard & Jan Mayen
NonOECD,TC,216,Turks & Caicos Islands
NonOECD,UM,216,United States Minor Outlying Islands (the)
NonOECD,WF,216,Wallis & Futuna
NonOECD,EH,216,Western Sahara
NonOECD,AX,216,Åland Islands
NonOECDRest,AS,43,American Samoa
NonOECDRest,AD,43,Andorra
NonOECDRest,AI,43,Anguilla
NonOECDRest,FO,43,Faroe Islands
NonOECDRest,GL,43,Greenland
NonOECDRest,GU,43,Guam
NonOECDRest,GG,43,Guernsey
NonOECDRest,IM,43,Isle of Man
NonOECDRest,JE,43,Jersey
NonOECDRest,MH,43,Marshall Islands
NonOECDRest,YT,43,Mayotte
NonOECDRest,FM,43,Micronesia (Federated States of)
NonOECDRest,PR,43,Puerto Rico
NonOECDRest,TW,43,Taiwan
NonOECDRest,TK,43,Tokelau
NonOECDRest,TV,43,Tuvalu
NonOECDRest,VI,43,U.S. Virgin Islands
NonOECDRest,BL,43,St. Barthélemy
NonOECDRest,SH,43,St. Helena
NonOECDRest,PM,43,St. Pierre & Miquelon
NonOECDRest,AQ,43,Antarctica
NonOECDRest,BV,43,Bouvet Island
NonOECDRest,IO,43,British Indian Ocean Territory
NonOECDRest,CX,43,Christmas Island
NonOECDRest,CC,43,Cocos (Keeling) Islands
NonOECDRest,TF,43,French Southern Territories
NonOECDRest,HM,43,Heard & McDonald Islands
NonOECDRest,VA,43,Vatican City
NonOECDRest,LI,43,Liechtenstein
NonOECDRest,MC,43,Monaco
NonOECDRest,NR,43,Nauru
NonOECDRest,NU,43,Niue
NonOECDRest,NF,43,Norfolk Island
NonOECDRest,MP,43,Northern Mariana Islands
NonOECDRest,PS,43,NA
NonOECDRest,PN,43,Pitcairn Islands
NonOECDRest,SM,43,San Marino
NonOECDRest,SX,43,Sint Maarten
NonOECDRest,GS,43,South Georgia & South Sandwich Islands
NonOECDRest,SJ,43,Svalbard & Jan Mayen
NonOECDRest,UM,43,United States Minor Outlying Islands (the)
NonOECDRest,WF,43,Wallis & Futuna
NonOECDRest,AX,43,Åland Islands
Russia,RU,1,Russia
Non-OECD,AF,216,Afghanistan
Non-OECD,AL,216,Albania
Non-OECD,DZ,216,Algeria
Non-OECD,AS,216,American Samoa
Non-OECD,AD,216,Andorra
Non-OECD,AO,216,Angola
Non-OECD,AI,216,Anguilla
Non-OECD,AG,216,Antigua & Barbuda
Non-OECD,AR,216,Argentina
Non-OECD,AM,216,Armenia
Non-OECD,AW,216,Aruba
Non-OECD,AZ,216,Azerbaijan
Non-OECD,BS,216,Bahamas
Non-OECD,BH,216,Bahrain
Non-OECD,BD,216,Bangladesh
Non-OECD,BB,216,Barbados
Non-OECD,BY,216,Belarus
Non-OECD,BZ,216,Belize
Non-OECD,BJ,216,Benin
Non-OECD,BM,216,Bermuda
Non-OECD,BT,216,Bhutan
Non-OECD,BO,216,Bolivia
Non-OECD,BA,216,Bosnia & Herzegovina
Non-OECD,BW,216,Botswana
Non-OECD,BR,216,Brazil
Non-OECD,VG,216,British Virgin Islands
Non-OECD,BN,216,Brunei
Non-OECD,BG,216,Bulgaria
Non-OECD,BF,216,Burkina Faso
Non-OECD,BI,216,Burundi
Non-OECD,KH,216,Cambodia
Non-OECD,CM,216,Cameroon
Non-OECD,CV,216,Cape Verde
Non-OECD,KY,216,Cayman Islands
Non-OECD,TD,216,Chad
Non-OECD,CN,216,China
Non-OECD,CO,216,Colombia
Non-OECD,CK,216,Cook Islands
Non-OECD,CR,216,Costa Rica
Non-OECD,HR,216,Croatia
Non-OECD,CU,216,Cuba
Non-OECD,CW,216,Curaçao
Non-OECD,CY,216,Cyprus
Non-OECD,CD,216,Congo - Kinshasa
Non-OECD,DJ,216,Djibouti
Non-OECD,DM,216,Dominica
Non-OECD,DO,216,Dominican Republic
Non-OECD,EC,216,Ecuador
Non-OECD,EG,216,Egypt
Non-OECD,SV,216,El Salvador
Non-OECD,GQ,216,Equatorial Guinea
Non-OECD,ER,216,Eritrea
Non-OECD,ET,216,Ethiopia
Non-OECD,FO,216,Faroe Islands
Non-OECD,FJ,216,Fiji
Non-OECD,GF,216,French Guiana
Non-OECD,PF,216,French Polynesia
Non-OECD,GA,216,Gabon
Non-OECD,GM,216,Gambia
Non-OECD,GE,216,Georgia
Non-OECD,GH,216,Ghana
Non-OECD,GI,216,Gibraltar
Non-OECD,GL,216,Greenland
Non-OECD,GD,216,Grenada
Non-OECD,GP,216,Guadeloupe
Non-OECD,GU,216,Guam
Non-OECD,GT,216,Guatemala
Non-OECD,GG,216,Guernsey
Non-OECD,GN,216,Guinea
Non-OECD,GW,216,Guinea-Bissau
Non-OECD,GY,216,Guyana
Non-OECD,HT,216,Haiti
Non-OECD,HN,216,Honduras
Non-OECD,HK,216,Hong Kong SAR China
Non-OECD,IN,216,India
Non-OECD,ID,216,Indonesia
Non-OECD,IR,216,Iran
Non-OECD,IQ,216,Iraq
Non-OECD,MR,216,Mauritania
Non-OECD,IM,216,Isle of Man
Non-OECD,CI,216,Côte d’Ivoire
Non-OECD,JM,216,Jamaica
Non-OECD,JE,216,Jersey
Non-OECD,JO,216,Jordan
Non-OECD,KZ,216,Kazakhstan
Non-OECD,KE,216,Kenya
Non-OECD,KI,216,Kiribati
Non-OECD,XK,216,Kosovo
Non-OECD,KW,216,Kuwait
Non-OECD,KG,216,Kyrgyzstan
Non-OECD,LA,216,Laos
Non-OECD,LV,216,Latvia
Non-OECD,LB,216,Lebanon
Non-OECD,LS,216,Lesotho
Non-OECD,LR,216,Liberia
Non-OECD,LY,216,Libya
Non-OECD,LT,216,Lithuania
Non-OECD,MO,216,Macao SAR China
Non-OECD,MG,216,Madagascar
Non-OECD,MW,216,Malawi
Non-OECD,MY,216,Malaysia
Non-OECD,MV,216,Maldives
Non-OECD,ML,216,Mali
Non-OECD,MT,216,Malta
Non-OECD,MH,216,Marshall Islands
Non-OECD,MQ,216,Martinique
Non-OECD,MU,216,Mauritius
Non-OECD,YT,216,Mayotte
Non-OECD,FM,216,Micronesia (Federated States of)
Non-OECD,MN,216,Mongolia
Non-OECD,ME,216,Montenegro
Non-OECD,MA,216,Morocco
Non-OECD,MZ,216,Mozambique
Non-OECD,MM,216,Myanmar (Burma)
Non-OECD,NP,216,Nepal
Non-OECD,NC,216,New Caledonia
Non-OECD,NI,216,Nicaragua
Non-OECD,NE,216,Niger
Non-OECD,NG,216,Nigeria
Non-OECD,OM,216,Oman
Non-OECD,PK,216,Pakistan
Non-OECD,PW,216,Palau
Non-OECD,PA,216,Panama
Non-OECD,PG,216,Papua New Guinea
Non-OECD,PY,216,Paraguay
Non-OECD,PE,216,Peru
Non-OECD,PH,216,Philippines
Non-OECD,PR,216,Puerto Rico
Non-OECD,QA,216,Qatar
Non-OECD,CG,216,Congo - Brazzaville
Non-OECD,KR,216,South Korea
Non-OECD,MK,216,North Macedonia
Non-OECD,MD,216,Moldova
Non-OECD,RE,216,Réunion
Non-OECD,RO,216,Romania
Non-OECD,RU,216,Russia
Non-OECD,RW,216,Rwanda
Non-OECD,WS,216,Samoa
Non-OECD,SA,216,Saudi Arabia
Non-OECD,SN,216,Senegal
Non-OECD,RS,216,Serbia
Non-OECD,SC,216,Seychelles
Non-OECD,SL,216,Sierra Leone
Non-OECD,SG,216,Singapore
Non-OECD,SB,216,Solomon Islands
Non-OECD,SO,216,Somalia
Non-OECD,ZA,216,South Africa
Non-OECD,LK,216,Sri Lanka
Non-OECD,SD,216,Sudan
Non-OECD,SR,216,Suriname
Non-OECD,SZ,216,Eswatini
Non-OECD,SY,216,Syria
Non-OECD,TW,216,Taiwan
Non-OECD,TJ,216,Tajikistan
Non-OECD,TH,216,Thailand
Non-OECD,TL,216,Timor-Leste
Non-OECD,TG,216,Togo
Non-OECD,TK,216,Tokelau
Non-OECD,TO,216,Tonga
Non-OECD,TT,216,Trinidad & Tobago
Non-OECD,TN,216,Tunisia
Non-OECD,TM,216,Turkmenistan
Non-OECD,TV,216,Tuvalu
Non-OECD,UG,216,Uganda
Non-OECD,UA,216,Ukraine
Non-OECD,AE,216,United Arab Emirates
Non-OECD,TZ,216,Tanzania
Non-OECD,UY,216,Uruguay
Non-OECD,UZ,216,Uzbekistan
Non-OECD,VU,216,Vanuatu
Non-OECD,VE,216,Venezuela
Non-OECD,VN,216,Vietnam
Non-OECD,VI,216,U.S. Virgin Islands
Non-OECD,YE,216,Yemen
Non-OECD,ZM,216,Zambia
Non-OECD,ZW,216,Zimbabwe
Non-OECD,KM,216,Comoros
Non-OECD,FK,216,Falkland Islands
Non-OECD,SS,216,South Sudan
Non-OECD,BL,216,St. Barthélemy
Non-OECD,SH,216,St. Helena
Non-OECD,KN,216,St. Kitts & Nevis
Non-OECD,LC,216,St. Lucia
Non-OECD,PM,216,St. Pierre & Miquelon
Non-OECD,VC,216,St. Vincent & Grenadines
Non-OECD,MF,216,Saint Martin (French part)
Non-OECD,AQ,216,Antarctica
Non-OECD,BQ,216,Caribbean Netherlands
Non-OECD,BV,216,Bouvet Island
Non-OECD,IO,216,British Indian Ocean Territory
Non-OECD,CF,216,Central African Republic
Non-OECD,CX,216,Christmas Island
Non-OECD,CC,216,Cocos (Keeling) Islands
Non-OECD,TF,216,French Southern Territories
Non-OECD,HM,216,Heard & McDonald Islands
Non-OECD,VA,216,Vatican City
Non-OECD,KP,216,North Korea
Non-OECD,LI,216,Liechtenstein
Non-OECD,MC,216,Monaco
Non-OECD,MS,216,Montserrat
Non-OECD,NR,216,Nauru
Non-OECD,NU,216,Niue
Non-OECD,NF,216,Norfolk Island
Non-OECD,MP,216,Northern Mariana Islands
Non-OECD,PS,216,NA
Non-OECD,PN,216,Pitcairn Islands
Non-OECD,SM,216,San Marino
Non-OECD,ST,216,São Tomé & Príncipe
Non-OECD,SX,216,Sint Maarten
Non-OECD,GS,216,South Georgia & South Sandwich Islands
Non-OECD,SJ,216,Svalbard & Jan Mayen
Non-OECD,TC,216,Turks & Caicos Islands
Non-OECD,UM,216,United States Minor Outlying Islands (the)
Non-OECD,WF,216,Wallis & Futuna
Non-OECD,EH,216,Western Sahara
Non-OECD,AX,216,Åland Islands
Southeast Asia,BN,11,Brunei
Southeast Asia,KH,11,Cambodia
Southeast Asia,ID,11,Indonesia
Southeast Asia,LA,11,Laos
Southeast Asia,MY,11,Malaysia
Southeast Asia,PH,11,Philippines
Southeast Asia,SG,11,Singapore
Southeast Asia,TH,11,Thailand
Southeast Asia,TL,11,Timor-Leste
Southeast Asia,VN,11,Vietnam
Central and South America,AR,24,Argentina
Central and South America,CL,24,Chile
Central and South America,CO,24,Colombia
Central and South America,CR,24,Costa Rica
Central and South America,CU,24,Cuba
Central and South America,DO,24,Dominican Republic
Central and South America,EC,24,Ecuador
Central and South America,SV,24,El Salvador
Central and South America,GT,24,Guatemala
Central and South America,HT,24,Haiti
Central and South America,HN,24,Honduras
Central and South America,JM,24,Jamaica
Central and South America,MX,24,Mexico
Central and South America,NI,24,Nicaragua
Central and South America,PA,24,Panama
Central and South America,PY,24,Paraguay
Central and South America,PE,24,Peru
Central and South America,SR,24,Suriname
Central and South America,UY,24,Uruguay
Central and South America,BR,24,Brazil
Coastal China,CN,1,China
Southeast Asia,MM,11,Myanmar (Burma)
Central and South America,BO,24,Bolivia
Central and South America,CW,24,Curaçao
Central and South America,TT,24,Trinidad & Tobago
Central and South America,VE,24,Venezuela
Developing Economies,AF,195,Afghanistan
Developing Economies,AL,195,Albania
Developing Economies,DZ,195,Algeria
Developing Economies,AS,195,American Samoa
Developing Economies,AO,195,Angola
Developing Economies,AI,195,Anguilla
Developing Economies,AR,195,Argentina
Developing Economies,AM,195,Armenia
Developing Economies,AW,195,Aruba
Developing Economies,AZ,195,Azerbaijan
Developing Economies,BS,195,Bahamas
Developing Economies,BH,195,Bahrain
Developing Economies,BD,195,Bangladesh
Developing Economies,BB,195,Barbados
Developing Economies,BY,195,Belarus
Developing Economies,BZ,195,Belize
Developing Economies,BJ,195,Benin
Developing Economies,BM,195,Bermuda
Developing Economies,BT,195,Bhutan
Developing Economies,BO,195,Bolivia
Developing Economies,BW,195,Botswana
Developing Economies,BR,195,Brazil
Developing Economies,VG,195,British Virgin Islands
Developing Economies,BG,195,Bulgaria
Developing Economies,BF,195,Burkina Faso
Developing Economies,BI,195,Burundi
Developing Economies,KH,195,Cambodia
Developing Economies,CM,195,Cameroon
Developing Economies,CV,195,Cape Verde
Developing Economies,KY,195,Cayman Islands
Developing Economies,TD,195,Chad
Developing Economies,CL,195,Chile
Developing Economies,CN,195,China
Developing Economies,CO,195,Colombia
Developing Economies,CK,195,Cook Islands
Developing Economies,CR,195,Costa Rica
Developing Economies,CU,195,Cuba
Developing Economies,DJ,195,Djibouti
Developing Economies,DM,195,Dominica
Developing Economies,DO,195,Dominican Republic
Developing Economies,EC,195,Ecuador
Developing Economies,EG,195,Egypt
Developing Economies,SV,195,El Salvador
Developing Economies,GQ,195,Equatorial Guinea
Developing Economies,ER,195,Eritrea
Developing Economies,ET,195,Ethiopia
Developing Economies,FO,195,Faroe Islands
Developing Economies,FJ,195,Fiji
Developing Economies,GF,195,French Guiana
Developing Economies,PF,195,French Polynesia
Developing Economies,GA,195,Gabon
Developing Economies,GM,195,Gambia
Developing Economies,GE,195,Georgia
Developing Economies,GH,195,Ghana
Developing Economies,GI,195,Gibraltar
Developing Economies,GL,195,Greenland
Developing Economies,GD,195,Grenada
Developing Economies,GP,195,Guadeloupe
Developing Economies,GU,195,Guam
Developing Economies,GT,195,Guatemala
Developing Economies,GG,195,Guernsey
Developing Economies,GN,195,Guinea
Developing Economies,GY,195,Guyana
Developing Economies,HT,195,Haiti
Developing Economies,HN,195,Honduras
Developing Economies,HU,195,Hungary
Developing Economies,IN,195,India
Developing Economies,ID,195,Indonesia
Developing Economies,IQ,195,Iraq
Developing Economies,IM,195,Isle of Man
Developing Economies,JM,195,Jamaica
Developing Economies,JE,195,Jersey
Developing Economies,JO,195,Jordan
Developing Economies,KZ,195,Kazakhstan
Developing Economies,KE,195,Kenya
Developing Economies,KI,195,Kiribati
Developing Economies,KW,195,Kuwait
Developing Economies,KG,195,Kyrgyzstan
Developing Economies,LB,195,Lebanon
Developing Economies,LS,195,Lesotho
Developing Economies,LR,195,Liberia
Developing Economies,MG,195,Madagascar
Developing Economies,MW,195,Malawi
Developing Economies,MY,195,Malaysia
Developing Economies,MV,195,Maldives
Developing Economies,ML,195,Mali
Developing Economies,MH,195,Marshall Islands
Developing Economies,MQ,195,Martinique
Developing Economies,MU,195,Mauritius
Developing Economies,YT,195,Mayotte
Developing Economies,MX,195,Mexico
Developing Economies,FM,195,Micronesia (Federated States of)
Developing Economies,MN,195,Mongolia
Developing Economies,ME,195,Montenegro
Developing Economies,MA,195,Morocco
Developing Economies,MZ,195,Mozambique
Developing Economies,NP,195,Nepal
Developing Economies,NC,195,New Caledonia
Developing Economies,NI,195,Nicaragua
Developing Economies,NE,195,Niger
Developing Economies,NG,195,Nigeria
Developing Economies,OM,195,Oman
Developing Economies,PK,195,Pakistan
Developing Economies,PW,195,Palau
Developing Economies,PA,195,Panama
Developing Economies,PG,195,Papua New Guinea
Developing Economies,PY,195,Paraguay
Developing Economies,PE,195,Peru
Developing Economies,PH,195,Philippines
Developing Economies,PL,195,Poland
Developing Economies,QA,195,Qatar
Developing Economies,RO,195,Romania
Developing Economies,RW,195,Rwanda
Developing Economies,WS,195,Samoa
Developing Economies,SA,195,Saudi Arabia
Developing Economies,SN,195,Senegal
Developing Economies,RS,195,Serbia
Developing Economies,SC,195,Seychelles
Developing Economies,SL,195,Sierra Leone
Developing Economies,SB,195,Solomon Islands
Developing Economies,SO,195,Somalia
Developing Economies,ZA,195,South Africa
Developing Economies,LK,195,Sri Lanka
Developing Economies,SD,195,Sudan
Developing Economies,SR,195,Suriname
Developing Economies,TJ,195,Tajikistan
Developing Economies,TH,195,Thailand
Developing Economies,TG,195,Togo
Developing Economies,TK,195,Tokelau
Developing Economies,TO,195,Tonga
Developing Economies,TN,195,Tunisia
Developing Economies,TR,195,Turkey
Developing Economies,TM,195,Turkmenistan
Developing Economies,TV,195,Tuvalu
Developing Economies,UG,195,Uganda
Developing Economies,UA,195,Ukraine
Developing Economies,AE,195,United Arab Emirates
Developing Economies,UY,195,Uruguay
Developing Economies,UZ,195,Uzbekistan
Developing Economies,VU,195,Vanuatu
Developing Economies,VE,195,Venezuela
Developing Economies,VN,195,Vietnam
Developing Economies,YE,195,Yemen
Developing Economies,ZM,195,Zambia
Developing Economies,ZW,195,Zimbabwe
Developing Economies,BN,195,Brunei
Developing Economies,KM,195,Comoros
Developing Economies,FK,195,Falkland Islands
Developing Economies,IR,195,Iran
Developing Economies,LY,195,Libya
Developing Economies,MR,195,Mauritania
Developing Economies,RU,195,Russia
Developing Economies,KR,195,South Korea
Developing Economies,SS,195,South Sudan
Developing Economies,SY,195,Syria
Developing Economies,TZ,195,Tanzania
Developing Economies,SX,195,Sint Maarten
Developing Economies,AQ,195,Antarctica
Developing Economies,BV,195,Bouvet Island
Developing Economies,IO,195,British Indian Ocean Territory
Developing Economies,CF,195,Central African Republic
Developing Economies,CX,195,Christmas Island
Developing Economies,CC,195,Cocos (Keeling) Islands
Developing Economies,TF,195,French Southern Territories
Developing Economies,LI,195,Liechtenstein
Developing Economies,MC,195,Monaco
Developing Economies,MS,195,Montserrat
Developing Economies,NR,195,Nauru
Developing Economies,NU,195,Niue
Developing Economies,NF,195,Norfolk Island
Developing Economies,MP,195,Northern Mariana Islands
Developing Economies,MF,195,Saint Martin (French part)
Developing Economies,EH,195,Western Sahara
Developing Economies,AG,195,Antigua & Barbuda
Developing Economies,BA,195,Bosnia & Herzegovina
Developing Economies,CW,195,Curaçao
Developing Economies,KP,195,North Korea
Developing Economies,CD,195,Congo - Kinshasa
Developing Economies,GW,195,Guinea-Bissau
Developing Economies,HK,195,Hong Kong SAR China
Developing Economies,CI,195,Côte d’Ivoire
Developing Economies,LA,195,Laos
Developing Economies,MO,195,Macao SAR China
Developing Economies,MM,195,Myanmar (Burma)
Developing Economies,CG,195,Congo - Brazzaville
Developing Economies,MK,195,North Macedonia
Developing Economies,MD,195,Moldova
Developing Economies,RE,195,Réunion
Developing Economies,TL,195,Timor-Leste
Developing Economies,TT,195,Trinidad & Tobago
Developing Economies,PS,195,NA
Developing Economies,TW,195,Taiwan
Developing Economies,WF,195,Wallis & Futuna
Developing Economies,XK,195,Kosovo
Developing Economies,NA,195,Namibia
